-- Base Data dump

--  -- Generation Time: Jan 25, 2013 at 03:42 PM
-- Server version: 5.5.29
-- PHP Version: 5.4.6-1ubuntu1.1

SET SQL_MODE="NO_AUTO_VALUE_ON_ZERO";
SET time_zone = "+00:00";


/*!40101 SET @OLD_CHARACTER_SET_CLIENT=@@CHARACTER_SET_CLIENT */;
/*!40101 SET @OLD_CHARACTER_SET_RESULTS=@@CHARACTER_SET_RESULTS */;
/*!40101 SET @OLD_COLLATION_CONNECTION=@@COLLATION_CONNECTION */;
/*!40101 SET NAMES utf8 */;

--

INSERT INTO `account_types` (`id`, `name`) VALUES
(1, 'Local'),
(2, 'National');


--
-- Dumping data for table `aros`
--

INSERT INTO `aros` (`id`, `parent_id`, `model`, `foreign_key`, `alias`, `lft`, `rght`) VALUES
(1, NULL, 'Group', 1, NULL, 1, 4),
(2, NULL, 'Group', 2, NULL, 5, 6),
(3, NULL, 'Group', 3, NULL, 7, 8),
(4, NULL, 'Group', 4, NULL, 9, 10),
(5, 1, 'User', 1, NULL, 2, 3);

--
-- Dumping data for table `aros_acos`
--

INSERT INTO `aros_acos` (`id`, `aro_id`, `aco_id`, `_create`, `_read`, `_update`, `_delete`) VALUES
(1, 1, 1, '1', '1', '1', '1');

--
-- Dumping data for table `checkpoints`
--

INSERT INTO `checkpoints` (`id`, `name`) VALUES
(1, 'Initial Inspection'),
(2, 'Buffing'),
(3, 'Repair'),
(4, 'Build'),
(5, 'Final Inspection');

--
-- Dumping data for table `companies`
--

INSERT INTO `companies` (`id`, `name`, `addr1`, `addr2`, `city`, `state`, `zip`, `phone`, `fax`, `fiscal_year_month`, `tax_year_month`, `cash_account_id`, `fee_rate`, `fee_grace_period`, `fee_description`, `modified`, `created`) VALUES
(1, 'ABC Tire Company', '', '', '', '', '', '', '', 0, 0, 0, 0.000, 0, '', '0000-00-00 00:00:00', '0000-00-00 00:00:00');


--
-- Dumping data for table `co_item_statuses`
--

INSERT INTO `co_item_statuses` (`id`, `name`) VALUES
(1, 'Open'),
(2, 'Closed');

--
-- Dumping data for table `co_item_types`
--

INSERT INTO `co_item_types` (`id`, `name`, `co_item_type_category_id`) VALUES
(1, 'Cap & Casing', 1),
(2, 'Inventory', 1),
(3, 'Retread Only', 1),
(4, 'Retread & Repair', 1),
(5, 'Repair Only', 1),
(6, 'Casing Credit', 1),
(7, 'Adjustment', 1),
(8, 'Scrap', 1),
(9, 'Bank', 1),
(10, 'Stock', 1),
(11, 'Wheel', 2);

--
-- Dumping data for table `co_item_type_categories`
--

INSERT INTO `co_item_type_categories` (`id`, `name`) VALUES
(1, 'Casing'),
(2, 'Wheel'),
(3, 'Service');

--
-- Dumping data for table `co_statuses`
--

INSERT INTO `co_statuses` (`id`, `name`) VALUES
(1, 'Open'),
(2, 'Closed');


--
-- Dumping data for table `languages`
--

INSERT INTO `languages` (`id`, `name`, `code`) VALUES
(1, 'English', 'eng'),
(2, 'French', 'fra'),
(5, 'Spanish', 'esp');

--
-- Dumping data for table `location_types`
--

INSERT INTO `location_types` (`id`, `name`) VALUES
(1, 'Retail'),
(2, 'Commercial'),
(3, 'Retread');

--
-- Dumping data for table `manufacturers`
--

INSERT INTO `manufacturers` (`id`, `name`, `dot_code`, `website`, `deleted`, `deleted_by`) VALUES
(1, 'OTHER', '--', '', NULL, NULL),
(2, 'DELTA', '0D', '', NULL, NULL),
(3, 'CENTENN', '0H', '', NULL, NULL),
(4, 'POWER KI', '0H', '', NULL, NULL),
(5, 'SHANDONG', '0H', '', NULL, NULL),
(6, 'STEELMK', '0H', '', NULL, NULL),
(7, 'TRIANGLE', '0H', '', NULL, NULL),
(8, 'SUMITOMO', '0T', '', NULL, NULL),
(9, 'GEOSTAR', '0U', '', NULL, NULL),
(10, 'JINYU', '15', '', NULL, NULL),
(11, 'UNION', '1A', '', NULL, NULL),
(12, 'GALAXY', '1L', '', NULL, NULL),
(13, 'CHAOYANG', '1R', '', NULL, NULL),
(14, 'LONG MAR', '1R', '', NULL, NULL),
(15, 'ROADLUX', '1R', '', NULL, NULL),
(16, 'GLADIATO', '25', '', NULL, NULL),
(17, 'JIUH', '2A', '', NULL, NULL),
(18, 'BRIDGE', '2C', '', NULL, NULL),
(19, 'DAYTON', '2C', '', NULL, NULL),
(20, 'FIRESTON', '2C', '', NULL, NULL),
(21, 'AKURET', '2J', '', NULL, NULL),
(22, 'DBL COIN', '2J', '', NULL, NULL),
(23, 'DYNATRAC', '2J', '', NULL, NULL),
(24, 'HUALIN', '3A', '', NULL, NULL),
(25, 'TOYO', '3C', '', NULL, NULL),
(26, 'COOPER', '3D', '', NULL, NULL),
(27, 'FALLS', '3D', '', NULL, NULL),
(28, 'MASTERCR', '3D', '', NULL, NULL),
(29, 'YOKOHAMA', '47', '', NULL, NULL),
(30, 'VEE', '4A', '', NULL, NULL),
(31, 'EMTRAC', '4H', '', NULL, NULL),
(32, 'HERCULES', '4H', '', NULL, NULL),
(33, 'SUNNY', '4H', '', NULL, NULL),
(34, 'SUPERIOR', '4H', '', NULL, NULL),
(35, 'WANLI', '4H', '', NULL, NULL),
(36, 'CHENGSHA', '4Y', '', NULL, NULL),
(37, 'FREESTAR', '4Y', '', NULL, NULL),
(38, 'ROADMAST', '4Y', '', NULL, NULL),
(39, 'RONG CHN', '4Y', '', NULL, NULL),
(40, 'PRIMEX', '53', '', NULL, NULL),
(41, 'SAILUN', '53', '', NULL, NULL),
(42, 'DENMAN', '56', '', NULL, NULL),
(43, 'NATIONAL', '5J', '', NULL, NULL),
(44, 'AURORA', '5M', '', NULL, NULL),
(45, 'HANKOOK', '5M', '', NULL, NULL),
(46, 'ROADPRO', '5W', '', NULL, NULL),
(47, 'AEOLUS', '5X', '', NULL, NULL),
(48, 'TURNPIKE', '66', '', NULL, NULL),
(49, 'SINO', '6E', '', NULL, NULL),
(50, 'CONTI', '6Y', '', NULL, NULL),
(51, 'GENERAL', '6Y', '', NULL, NULL),
(52, 'MATADOR', '6Y', '', NULL, NULL),
(53, 'VESTA', '7D', '', NULL, NULL),
(54, 'WESTLAKE', '7D', '', NULL, NULL),
(55, 'TIBER', '7R', '', NULL, NULL),
(56, 'COUGAR', '80', '', NULL, NULL),
(57, 'DYNAMO', '83', '', NULL, NULL),
(58, 'CEAT', '8H', '', NULL, NULL),
(59, 'DOUBLE C', '8R', '', NULL, NULL),
(60, 'DOUBLE-S', '8R', '', NULL, NULL),
(61, 'BR-TCOT', '99', '', NULL, NULL),
(62, 'GT', '9U', '', NULL, NULL),
(63, 'PRIMEWEL', '9U', '', NULL, NULL),
(64, 'WEARWELL', 'A0', '', NULL, NULL),
(65, 'MICHELIN', 'A1', '', NULL, NULL),
(66, 'LEE', 'A2', '', NULL, NULL),
(67, 'CONTINEN', 'A3', '', NULL, NULL),
(68, 'SEMPERIT', 'A3', '', NULL, NULL),
(69, 'HUNG-A', 'A4', '', NULL, NULL),
(70, 'DEBICKIE', 'A5', '', NULL, NULL),
(71, 'STOMIL', 'A5', '', NULL, NULL),
(72, 'APOLLO', 'A6', '', NULL, NULL),
(73, 'UNIROYAL', 'AJ', '', NULL, NULL),
(74, 'AVON', 'AT', '', NULL, NULL),
(75, 'SEIBERLI', 'AV', '', NULL, NULL),
(76, 'SAMSON', 'AW', '', NULL, NULL),
(77, 'PHOENIX', 'AX', '', NULL, NULL),
(78, 'SILVERST', 'AY', '', NULL, NULL),
(79, 'DUNLOP', 'B2', '', NULL, NULL),
(80, 'TAURUS', 'B4', '', NULL, NULL),
(81, 'OLSZTYNS', 'B5', '', NULL, NULL),
(82, 'BFG', 'B6', '', NULL, NULL),
(83, 'INTLRUB', 'BV', '', NULL, NULL),
(84, 'GATES', 'BW', '', NULL, NULL),
(85, 'KUMHO', 'C0', '', NULL, NULL),
(86, 'LONGMARC', 'C0', '', NULL, NULL),
(87, 'KELLY', 'C2', '', NULL, NULL),
(88, 'MCCREARY', 'C3', '', NULL, NULL),
(89, 'DICO', 'C4', '', NULL, NULL),
(90, 'POZNANSK', 'C5', '', NULL, NULL),
(91, 'MITAS', 'C6', '', NULL, NULL),
(92, 'IRONSIDE', 'C7', '', NULL, NULL),
(93, '7 STAR', 'C9', '', NULL, NULL),
(94, 'MOHAWK', 'CA', '', NULL, NULL),
(95, 'ALLIANCE', 'CD', '', NULL, NULL),
(96, 'ARMSTRON', 'CF', '', NULL, NULL),
(97, 'INQUE', 'CJ', '', NULL, NULL),
(98, 'GOODYEAR', 'CO', '', NULL, NULL),
(99, 'VIKING', 'D1', '', NULL, NULL),
(100, 'UNITED', 'D3', '', NULL, NULL),
(101, 'BOROVO', 'D6', '', NULL, NULL),
(102, 'REMINGTO', 'DA', '', NULL, NULL),
(103, 'NEDERLAN', 'DV', '', NULL, NULL),
(104, 'RUBBERFA', 'DW', '', NULL, NULL),
(105, 'BATAAFSC', 'DX', '', NULL, NULL),
(106, 'CHUNG HS', 'E1', '', NULL, NULL),
(107, 'METZLER', 'EA', '', NULL, NULL),
(108, 'OKAMOTO', 'ED', '', NULL, NULL),
(109, 'NITTO', 'EE', '', NULL, NULL),
(110, 'HUNG AH', 'EF', '', NULL, NULL),
(111, 'YELLOW S', 'EV', '', NULL, NULL),
(112, 'KLEBER', 'EW', '', NULL, NULL),
(113, 'FIDELITY', 'F0', '', NULL, NULL),
(114, 'CNB/OPOR', 'F4', '', NULL, NULL),
(115, 'FATE SAI', 'F5', '', NULL, NULL),
(116, 'JK TYRE', 'F8', '', NULL, NULL),
(117, 'SECURITY', 'F8', '', NULL, NULL),
(118, 'VIKRANT', 'F8', '', NULL, NULL),
(119, '\\&quot;STE.D\\&quot;\\&quot;', 'FP', '', NULL, NULL),
(120, 'SAVA IND', 'H3', '', NULL, NULL),
(121, 'HUTCH', 'H5', '', NULL, NULL),
(122, 'SHINHUNG', 'H6', '', NULL, NULL),
(123, 'LI HSIN', 'H7', '', NULL, NULL),
(124, 'REIFEN', 'H9', '', NULL, NULL),
(125, 'BARUM', 'HW', '', NULL, NULL),
(126, 'RUDY RIJ', 'HW', '', NULL, NULL),
(127, 'INOCEE', 'J0', '', NULL, NULL),
(128, 'PHILLIPS', 'J1', '', NULL, NULL),
(129, 'GUMARME', 'J3', '', NULL, NULL),
(130, 'RUBENA', 'J4', '', NULL, NULL),
(131, 'JAROSLAV', 'J6', '', NULL, NULL),
(132, 'R &amp; J.D\\&quot;\\&quot;APPLICATIONS\\&quot;', 'J7', '', NULL, NULL),
(133, 'DA CHUNG', 'J8', '', NULL, NULL),
(134, 'INTIRUB', 'J9', '', NULL, NULL),
(135, 'KENDA', 'K3', '', NULL, NULL),
(136, 'VEB', 'K5', '', NULL, NULL),
(137, 'NATIER', 'K9', '', NULL, NULL),
(138, 'WUON', 'L2', '', NULL, NULL),
(139, 'TONGSHIN', 'L3', '', NULL, NULL),
(140, 'MASE', 'L4', '', NULL, NULL),
(141, 'MODI', 'L6', '', NULL, NULL),
(142, 'ZALAU', 'L7', '', NULL, NULL),
(143, 'PANTHER', 'L9', '', NULL, NULL),
(144, 'NIACIONL', 'LK', '', NULL, NULL),
(145, 'TRELLEBO', 'LW', '', NULL, NULL),
(146, 'MITSUBOS', 'LX', '', NULL, NULL),
(147, 'PREMIER', 'M8', '', NULL, NULL),
(148, 'MITCO', 'MI', '', NULL, NULL),
(149, 'NECSA', 'MO', '', NULL, NULL),
(150, 'MALOJAAG', 'N1', '', NULL, NULL),
(151, 'HURTUBLS', 'N2', '', NULL, NULL),
(152, 'CENTRALA', 'N4', '', NULL, NULL),
(153, 'PNEUMANT', 'N5', '', NULL, NULL),
(154, 'INTREPRI', 'N7', '', NULL, NULL),
(155, 'PNEUS', 'N9', '', NULL, NULL),
(156, 'PACIFIC', 'NO', '', NULL, NULL),
(157, 'STEELMAR', 'OH', '', NULL, NULL),
(158, 'LINGLON', 'OU', '', NULL, NULL),
(159, 'GISLAVED', 'P1', '', NULL, NULL),
(160, 'GUMMIFAB', 'P1', '', NULL, NULL),
(161, 'SKEPPLAN', 'P3', '', NULL, NULL),
(162, 'OINGDAO', 'P8', '', NULL, NULL),
(163, 'MRF', 'P9', '', NULL, NULL),
(164, 'TITAN', 'PK', '', NULL, NULL),
(165, 'GRANVILL', 'PO', '', NULL, NULL),
(166, 'SUMMIT', 'PU', '', NULL, NULL),
(167, 'OZOS', 'T2', '', NULL, NULL),
(168, 'DEBICA', 'T3', '', NULL, NULL),
(169, 'CARIDENG', 'T4', '', NULL, NULL),
(170, 'TIGAR', 'T5', '', NULL, NULL),
(171, 'HULERA', 'T6', '', NULL, NULL),
(172, 'POWERKNG', 'TY', '', NULL, NULL),
(173, 'LIENSHIN', 'U1', '', NULL, NULL),
(174, 'MILOJE', 'U3', '', NULL, NULL),
(175, 'GEOBYERS', 'U4', '', NULL, NULL),
(176, 'FARBENFA', 'U5', '', NULL, NULL),
(177, 'HSINFUNG', 'U8', '', NULL, NULL),
(178, 'CARLISLE', 'UU', '', NULL, NULL),
(179, 'KZOWA', 'UV', '', NULL, NULL),
(180, 'OKADA', 'UW', '', NULL, NULL),
(181, 'FEDERAL', 'UX', '', NULL, NULL),
(182, 'CHENG', 'UY', '', NULL, NULL),
(183, 'LIVINGST', 'V1', '', NULL, NULL),
(184, 'VSESOJUZ', 'V2', '', NULL, NULL),
(185, 'TA HSIN', 'V3', '', NULL, NULL),
(186, 'FALKEN', 'V4', '', NULL, NULL),
(187, 'OHTSU', 'V4', '', NULL, NULL),
(188, 'M &amp; R /PLYMOUTHuot;APPLICATIONS\\&quot;', 'V9', '', NULL, NULL),
(189, 'UNIVERSE', 'VU', '', NULL, NULL),
(190, 'VREDESTE', 'W3', '', NULL, NULL),
(191, 'PHILTREA', 'W6', '', NULL, NULL),
(192, 'SIAMTYRE', 'W8', '', NULL, NULL),
(193, 'INDUSTRI', 'WB', '', NULL, NULL),
(194, 'FABRIK', 'WD', '', NULL, NULL),
(195, 'NANKANG', 'WE', '', NULL, NULL),
(196, 'INOCCE', 'WO', '', NULL, NULL),
(197, 'MADRASRU', 'WT', '', NULL, NULL),
(198, 'EUZKADI', 'WW', '', NULL, NULL),
(199, 'HWA FONG', 'X2', '', NULL, NULL),
(200, 'ROSAVA', 'X3', '', NULL, NULL),
(201, 'VAESOJUZ', 'X3', '', NULL, NULL),
(202, 'PARSTYRE', 'X4', '', NULL, NULL),
(203, 'JK IND', 'X5', '', NULL, NULL),
(204, 'PIRELLI', 'XA', '', NULL, NULL),
(205, 'BANDAG', 'XX', '', NULL, NULL),
(206, 'SHANGHAI', 'Y5', '', NULL, NULL),
(207, 'BOMBAY', 'Y8', '', NULL, NULL),
(208, 'GADJAH', 'Y9', '', NULL, NULL),
(209, 'OY NOKIA', 'YL', '', NULL, NULL),
(210, 'MISC', 'ZZ', '', NULL, NULL),
(211, 'ROADMASR', '', '', NULL, NULL),
(212, 'CAPITOL', 'OU', '', NULL, NULL);

--
-- Dumping data for table `manufacturer_plants`
--

INSERT INTO `manufacturer_plants` (`id`, `manufacturer_id`, `code`, `city`, `state`, `country`) VALUES
(1, 1, 'EX', 'Example', NULL, NULL),
(2, 2, '0D', '', NULL, NULL),
(3, 3, '0H', '', NULL, NULL),
(4, 4, '0H', '', NULL, NULL),
(5, 5, '0H', '', NULL, NULL),
(6, 6, '0H', '', NULL, NULL),
(7, 7, '0H', '', NULL, NULL),
(8, 8, '0T', '', NULL, NULL),
(9, 9, '0U', '', NULL, NULL),
(10, 5, '0U', '', NULL, NULL),
(11, 10, '15', '', NULL, NULL),
(12, 2, '17', '', NULL, NULL),
(13, 11, '1A', '', NULL, NULL),
(14, 12, '1L', '', NULL, NULL),
(15, 13, '1R', '', NULL, NULL),
(16, 14, '1R', '', NULL, NULL),
(17, 15, '1R', '', NULL, NULL),
(18, 16, '25', '', NULL, NULL),
(19, 17, '2A', '', NULL, NULL),
(20, 18, '2C', '', NULL, NULL),
(21, 19, '2C', '', NULL, NULL),
(22, 20, '2C', '', NULL, NULL),
(23, 21, '2J', '', NULL, NULL),
(24, 22, '2J', '', NULL, NULL),
(25, 23, '2J', '', NULL, NULL),
(26, 18, '32', '', NULL, NULL),
(27, 20, '32', '', NULL, NULL),
(28, 24, '3A', '', NULL, NULL),
(29, 25, '3C', '', NULL, NULL),
(30, 26, '3D', '', NULL, NULL),
(31, 27, '3D', '', NULL, NULL),
(32, 28, '3D', '', NULL, NULL),
(33, 29, '47', '', NULL, NULL),
(34, 30, '4A', '', NULL, NULL),
(35, 18, '4D', '', NULL, NULL),
(36, 20, '4D', '', NULL, NULL),
(37, 31, '4H', '', NULL, NULL),
(38, 32, '4H', '', NULL, NULL),
(39, 33, '4H', '', NULL, NULL),
(40, 34, '4H', '', NULL, NULL),
(41, 35, '4H', '', NULL, NULL),
(42, 36, '4Y', '', NULL, NULL),
(43, 26, '4Y', '', NULL, NULL),
(44, 20, '4Y', '', NULL, NULL),
(45, 37, '4Y', '', NULL, NULL),
(46, 38, '4Y', '', NULL, NULL),
(47, 39, '4Y', '', NULL, NULL),
(48, 40, '53', '', NULL, NULL),
(49, 41, '53', '', NULL, NULL),
(50, 42, '56', '', NULL, NULL),
(51, 30, '5A', '', NULL, NULL),
(52, 2, '5J', '', NULL, NULL),
(53, 43, '5J', '', NULL, NULL),
(54, 44, '5M', '', NULL, NULL),
(55, 45, '5M', '', NULL, NULL),
(56, 46, '5W', '', NULL, NULL),
(57, 47, '5X', '', NULL, NULL),
(58, 48, '66', '', NULL, NULL),
(59, 29, '6B', '', NULL, NULL),
(60, 49, '6E', '', NULL, NULL),
(61, 50, '6Y', '', NULL, NULL),
(62, 51, '6Y', '', NULL, NULL),
(63, 52, '6Y', '', NULL, NULL),
(64, 13, '7D', '', NULL, NULL),
(65, 26, '7D', '', NULL, NULL),
(66, 53, '7D', '', NULL, NULL),
(67, 54, '7D', '', NULL, NULL),
(68, 55, '7R', '', NULL, NULL),
(69, 56, '80', '', NULL, NULL),
(70, 57, '83', '', NULL, NULL),
(71, 58, '8H', '', NULL, NULL),
(72, 59, '8R', '', NULL, NULL),
(73, 60, '8R', '', NULL, NULL),
(74, 51, '8T', '', NULL, NULL),
(75, 61, '99', '', NULL, NULL),
(76, 62, '9U', '', NULL, NULL),
(77, 63, '9U', '', NULL, NULL),
(78, 34, '9U', '', NULL, NULL),
(79, 64, 'A0', '', NULL, NULL),
(80, 65, 'A1', '', NULL, NULL),
(81, 66, 'A2', '', NULL, NULL),
(82, 67, 'A3', '', NULL, NULL),
(83, 51, 'A3', '', NULL, NULL),
(84, 68, 'A3', '', NULL, NULL),
(85, 48, 'A3', '', NULL, NULL),
(86, 69, 'A4', '', NULL, NULL),
(87, 70, 'A5', '', NULL, NULL),
(88, 71, 'A5', '', NULL, NULL),
(89, 72, 'A6', '', NULL, NULL),
(90, 18, 'A7', '', NULL, NULL),
(91, 18, 'A8', '', NULL, NULL),
(92, 51, 'A9', '', NULL, NULL),
(93, 51, 'AC', '', NULL, NULL),
(94, 51, 'AD', '', NULL, NULL),
(95, 51, 'AE', '', NULL, NULL),
(96, 51, 'AF', '', NULL, NULL),
(97, 51, 'AH', '', NULL, NULL),
(98, 73, 'AJ', '', NULL, NULL),
(99, 73, 'AK', '', NULL, NULL),
(100, 73, 'AL', '', NULL, NULL),
(101, 73, 'AM', '', NULL, NULL),
(102, 73, 'AN', '', NULL, NULL),
(103, 64, 'AO', '', NULL, NULL),
(104, 73, 'AP', '', NULL, NULL),
(105, 74, 'AT', '', NULL, NULL),
(106, 73, 'AU', '', NULL, NULL),
(107, 75, 'AV', '', NULL, NULL),
(108, 76, 'AW', '', NULL, NULL),
(109, 77, 'AX', '', NULL, NULL),
(110, 77, 'AY', '', NULL, NULL),
(111, 5, 'AY', '', NULL, NULL),
(112, 78, 'AY', '', NULL, NULL),
(113, 65, 'B1', '', NULL, NULL),
(114, 79, 'B2', '', NULL, NULL),
(115, 65, 'B3', '', NULL, NULL),
(116, 80, 'B4', '', NULL, NULL),
(117, 81, 'B5', '', NULL, NULL),
(118, 71, 'B5', '', NULL, NULL),
(119, 82, 'B6', '', NULL, NULL),
(120, 65, 'B6', '', NULL, NULL),
(121, 65, 'B7', '', NULL, NULL),
(122, 65, 'B8', '', NULL, NULL),
(123, 65, 'B9', '', NULL, NULL),
(124, 82, 'BA', '', NULL, NULL),
(125, 82, 'BB', '', NULL, NULL),
(126, 82, 'BC', '', NULL, NULL),
(127, 82, 'BD', '', NULL, NULL),
(128, 82, 'BE', '', NULL, NULL),
(129, 82, 'BF', '', NULL, NULL),
(130, 82, 'BH', '', NULL, NULL),
(131, 44, 'BJ', '', NULL, NULL),
(132, 45, 'BJ', '', NULL, NULL),
(133, 82, 'BK', '', NULL, NULL),
(134, 82, 'BL', '', NULL, NULL),
(135, 82, 'BM', '', NULL, NULL),
(136, 82, 'BN', '', NULL, NULL),
(137, 51, 'BO', '', NULL, NULL),
(138, 68, 'BT', '', NULL, NULL),
(139, 68, 'BU', '', NULL, NULL),
(140, 83, 'BV', '', NULL, NULL),
(141, 84, 'BW', '', NULL, NULL),
(142, 84, 'BX', '', NULL, NULL),
(143, 84, 'BY', '', NULL, NULL),
(144, 85, 'C0', '', NULL, NULL),
(145, 86, 'C0', '', NULL, NULL),
(146, 46, 'C0', '', NULL, NULL),
(147, 65, 'C1', '', NULL, NULL),
(148, 87, 'C2', '', NULL, NULL),
(149, 88, 'C3', '', NULL, NULL),
(150, 89, 'C4', '', NULL, NULL),
(151, 18, 'C5', '', NULL, NULL),
(152, 90, 'C5', '', NULL, NULL),
(153, 91, 'C6', '', NULL, NULL),
(154, 92, 'C7', '', NULL, NULL),
(155, 18, 'C8', '', NULL, NULL),
(156, 93, 'C9', '', NULL, NULL),
(157, 94, 'CA', '', NULL, NULL),
(158, 94, 'CB', '', NULL, NULL),
(159, 94, 'CC', '', NULL, NULL),
(160, 95, 'CD', '', NULL, NULL),
(161, 96, 'CF', '', NULL, NULL),
(162, 96, 'CH', '', NULL, NULL),
(163, 97, 'CJ', '', NULL, NULL),
(164, 96, 'CK', '', NULL, NULL),
(165, 67, 'CL', '', NULL, NULL),
(166, 67, 'CM', '', NULL, NULL),
(167, 67, 'CN', '', NULL, NULL),
(168, 98, 'CO', '', NULL, NULL),
(169, 67, 'CP', '', NULL, NULL),
(170, 67, 'CT', '', NULL, NULL),
(171, 67, 'CU', '', NULL, NULL),
(172, 96, 'CV', '', NULL, NULL),
(173, 25, 'CW', '', NULL, NULL),
(174, 25, 'CX', '', NULL, NULL),
(175, 88, 'CY', '', NULL, NULL),
(176, 99, 'D1', '', NULL, NULL),
(177, 19, 'D2', '', NULL, NULL),
(178, 100, 'D3', '', NULL, NULL),
(179, 79, 'D4', '', NULL, NULL),
(180, 79, 'D5', '', NULL, NULL),
(181, 101, 'D6', '', NULL, NULL),
(182, 79, 'D7', '', NULL, NULL),
(183, 79, 'D8', '', NULL, NULL),
(184, 100, 'D9', '', NULL, NULL),
(185, 3, 'DA', '', NULL, NULL),
(186, 79, 'DA', '', NULL, NULL),
(187, 98, 'DA', '', NULL, NULL),
(188, 87, 'DA', '', NULL, NULL),
(189, 102, 'DA', '', NULL, NULL),
(190, 8, 'DA', '', NULL, NULL),
(191, 79, 'DB', '', NULL, NULL),
(192, 79, 'DC', '', NULL, NULL),
(193, 79, 'DD', '', NULL, NULL),
(194, 79, 'DE', '', NULL, NULL),
(195, 79, 'DK', '', NULL, NULL),
(196, 79, 'DL', '', NULL, NULL),
(197, 79, 'DM', '', NULL, NULL),
(198, 79, 'DN', '', NULL, NULL),
(199, 87, 'DO', '', NULL, NULL),
(200, 103, 'DV', '', NULL, NULL),
(201, 104, 'DW', '', NULL, NULL),
(202, 105, 'DX', '', NULL, NULL),
(203, 42, 'DY', '', NULL, NULL),
(204, 106, 'E1', '', NULL, NULL),
(205, 20, 'E2', '', NULL, NULL),
(206, 18, 'E3', '', NULL, NULL),
(207, 75, 'E3', '', NULL, NULL),
(208, 20, 'E4', '', NULL, NULL),
(209, 20, 'E5', '', NULL, NULL),
(210, 20, 'E6', '', NULL, NULL),
(211, 20, 'E7', '', NULL, NULL),
(212, 20, 'E8', '', NULL, NULL),
(213, 20, 'E9', '', NULL, NULL),
(214, 107, 'EA', '', NULL, NULL),
(215, 107, 'EB', '', NULL, NULL),
(216, 107, 'EC', '', NULL, NULL),
(217, 108, 'ED', '', NULL, NULL),
(218, 109, 'EE', '', NULL, NULL),
(219, 110, 'EF', '', NULL, NULL),
(220, 18, 'EH', '', NULL, NULL),
(221, 18, 'EJ', '', NULL, NULL),
(222, 18, 'EK', '', NULL, NULL),
(223, 18, 'EL', '', NULL, NULL),
(224, 18, 'EM', '', NULL, NULL),
(225, 20, 'EM', '', NULL, NULL),
(226, 18, 'EN', '', NULL, NULL),
(227, 66, 'EO', '', NULL, NULL),
(228, 18, 'EP', '', NULL, NULL),
(229, 20, 'EP', '', NULL, NULL),
(230, 8, 'ET', '', NULL, NULL),
(231, 8, 'EU', '', NULL, NULL),
(232, 111, 'EV', '', NULL, NULL),
(233, 112, 'EW', '', NULL, NULL),
(234, 112, 'EX', '', NULL, NULL),
(235, 112, 'EY', '', NULL, NULL),
(236, 113, 'F0', '', NULL, NULL),
(237, 65, 'F1', '', NULL, NULL),
(238, 20, 'F2', '', NULL, NULL),
(239, 65, 'F3', '', NULL, NULL),
(240, 114, 'F4', '', NULL, NULL),
(241, 115, 'F5', '', NULL, NULL),
(242, 20, 'F6', '', NULL, NULL),
(243, 20, 'F7', '', NULL, NULL),
(244, 116, 'F8', '', NULL, NULL),
(245, 117, 'F8', '', NULL, NULL),
(246, 118, 'F8', '', NULL, NULL),
(247, 79, 'F9', '', NULL, NULL),
(248, 29, 'FA', '', NULL, NULL),
(249, 29, 'FB', '', NULL, NULL),
(250, 29, 'FC', '', NULL, NULL),
(251, 29, 'FD', '', NULL, NULL),
(252, 29, 'FE', '', NULL, NULL),
(253, 65, 'FF', '', NULL, NULL),
(254, 65, 'FH', '', NULL, NULL),
(255, 65, 'FJ', '', NULL, NULL),
(256, 65, 'FK', '', NULL, NULL),
(257, 65, 'FL', '', NULL, NULL),
(258, 65, 'FM', '', NULL, NULL),
(259, 65, 'FN', '', NULL, NULL),
(260, 0, 'FP', '', NULL, NULL),
(261, 65, 'FT', '', NULL, NULL),
(262, 65, 'FU', '', NULL, NULL),
(263, 65, 'FV', '', NULL, NULL),
(264, 65, 'FW', '', NULL, NULL),
(265, 65, 'FX', '', NULL, NULL),
(266, 65, 'FY', '', NULL, NULL),
(267, 18, 'GF', '', NULL, NULL),
(268, 51, 'H0', '', NULL, NULL),
(269, 65, 'H1', '', NULL, NULL),
(270, 85, 'H2', '', NULL, NULL),
(271, 120, 'H3', '', NULL, NULL),
(272, 18, 'H4', '', NULL, NULL),
(273, 121, 'H5', '', NULL, NULL),
(274, 122, 'H6', '', NULL, NULL),
(275, 123, 'H7', '', NULL, NULL),
(276, 20, 'H8', '', NULL, NULL),
(277, 124, 'H9', '', NULL, NULL),
(278, 65, 'HA', '', NULL, NULL),
(279, 65, 'HB', '', NULL, NULL),
(280, 65, 'HC', '', NULL, NULL),
(281, 65, 'HD', '', NULL, NULL),
(282, 65, 'HE', '', NULL, NULL),
(283, 65, 'HF', '', NULL, NULL),
(284, 65, 'HH', '', NULL, NULL),
(285, 82, 'HJ', '', NULL, NULL),
(286, 65, 'HJ', '', NULL, NULL),
(287, 65, 'HK', '', NULL, NULL),
(288, 65, 'HL', '', NULL, NULL),
(289, 65, 'HM', '', NULL, NULL),
(290, 65, 'HN', '', NULL, NULL),
(291, 65, 'HP', '', NULL, NULL),
(292, 58, 'HT', '', NULL, NULL),
(293, 58, 'HU', '', NULL, NULL),
(294, 58, 'HV', '', NULL, NULL),
(295, 125, 'HW', '', NULL, NULL),
(296, 67, 'HW', '', NULL, NULL),
(297, 52, 'HW', '', NULL, NULL),
(298, 126, 'HW', '', NULL, NULL),
(299, 19, 'HX', '', NULL, NULL),
(300, 19, 'HY', '', NULL, NULL),
(301, 127, 'J0', '', NULL, NULL),
(302, 128, 'J1', '', NULL, NULL),
(303, 18, 'J2', '', NULL, NULL),
(304, 67, 'J3', '', NULL, NULL),
(305, 129, 'J3', '', NULL, NULL),
(306, 52, 'J3', '', NULL, NULL),
(307, 130, 'J4', '', NULL, NULL),
(308, 66, 'J5', '', NULL, NULL),
(309, 131, 'J6', '', NULL, NULL),
(310, 0, 'J7', '', NULL, NULL),
(311, 133, 'J8', '', NULL, NULL),
(312, 134, 'J9', '', NULL, NULL),
(313, 66, 'JA', '', NULL, NULL),
(314, 66, 'JB', '', NULL, NULL),
(315, 66, 'JC', '', NULL, NULL),
(316, 66, 'JD', '', NULL, NULL),
(317, 66, 'JE', '', NULL, NULL),
(318, 66, 'JF', '', NULL, NULL),
(319, 66, 'JH', '', NULL, NULL),
(320, 66, 'JJ', '', NULL, NULL),
(321, 66, 'JK', '', NULL, NULL),
(322, 66, 'JL', '', NULL, NULL),
(323, 66, 'JM', '', NULL, NULL),
(324, 66, 'JN', '', NULL, NULL),
(325, 63, 'JP', '', NULL, NULL),
(326, 66, 'JT', '', NULL, NULL),
(327, 66, 'JU', '', NULL, NULL),
(328, 66, 'JV', '', NULL, NULL),
(329, 66, 'JW', '', NULL, NULL),
(330, 66, 'JX', '', NULL, NULL),
(331, 66, 'JY', '', NULL, NULL),
(332, 65, 'K0', '', NULL, NULL),
(333, 128, 'K1', '', NULL, NULL),
(334, 66, 'K2', '', NULL, NULL),
(335, 135, 'K3', '', NULL, NULL),
(336, 73, 'K4', '', NULL, NULL),
(337, 136, 'K5', '', NULL, NULL),
(338, 66, 'K6', '', NULL, NULL),
(339, 66, 'K7', '', NULL, NULL),
(340, 87, 'K8', '', NULL, NULL),
(341, 137, 'K9', '', NULL, NULL),
(342, 66, 'KA', '', NULL, NULL),
(343, 66, 'KB', '', NULL, NULL),
(344, 66, 'KC', '', NULL, NULL),
(345, 66, 'KD', '', NULL, NULL),
(346, 66, 'KE', '', NULL, NULL),
(347, 66, 'KF', '', NULL, NULL),
(348, 66, 'KH', '', NULL, NULL),
(349, 66, 'KJ', '', NULL, NULL),
(350, 66, 'KK', '', NULL, NULL),
(351, 66, 'KL', '', NULL, NULL),
(352, 66, 'KM', '', NULL, NULL),
(353, 66, 'KN', '', NULL, NULL),
(354, 66, 'KP', '', NULL, NULL),
(355, 66, 'KT', '', NULL, NULL),
(356, 66, 'KU', '', NULL, NULL),
(357, 66, 'KV', '', NULL, NULL),
(358, 66, 'KW', '', NULL, NULL),
(359, 66, 'KX', '', NULL, NULL),
(360, 66, 'KY', '', NULL, NULL),
(361, 65, 'L0', '', NULL, NULL),
(362, 98, 'L1', '', NULL, NULL),
(363, 138, 'L2', '', NULL, NULL),
(364, 139, 'L3', '', NULL, NULL),
(365, 140, 'L4', '', NULL, NULL),
(366, 18, 'L5', '', NULL, NULL),
(367, 141, 'L6', '', NULL, NULL),
(368, 65, 'L7', '', NULL, NULL),
(369, 142, 'L7', '', NULL, NULL),
(370, 79, 'L8', '', NULL, NULL),
(371, 143, 'L9', '', NULL, NULL),
(372, 66, 'LA', '', NULL, NULL),
(373, 66, 'LB', '', NULL, NULL),
(374, 66, 'LC', '', NULL, NULL),
(375, 66, 'LD', '', NULL, NULL),
(376, 66, 'LE', '', NULL, NULL),
(377, 66, 'LF', '', NULL, NULL),
(378, 66, 'LJ', '', NULL, NULL),
(379, 144, 'LK', '', NULL, NULL),
(380, 73, 'LL', '', NULL, NULL),
(381, 73, 'LM', '', NULL, NULL),
(382, 73, 'LN', '', NULL, NULL),
(383, 73, 'LP', '', NULL, NULL),
(384, 73, 'LT', '', NULL, NULL),
(385, 73, 'LU', '', NULL, NULL),
(386, 51, 'LV', '', NULL, NULL),
(387, 145, 'LW', '', NULL, NULL),
(388, 146, 'LX', '', NULL, NULL),
(389, 146, 'LY', '', NULL, NULL),
(390, 98, 'M1', '', NULL, NULL),
(391, 98, 'M2', '', NULL, NULL),
(392, 65, 'M3', '', NULL, NULL),
(393, 98, 'M4', '', NULL, NULL),
(394, 82, 'M5', '', NULL, NULL),
(395, 65, 'M5', '', NULL, NULL),
(396, 98, 'M6', '', NULL, NULL),
(397, 98, 'M7', '', NULL, NULL),
(398, 72, 'M8', '', NULL, NULL),
(399, 147, 'M8', '', NULL, NULL),
(400, 73, 'M9', '', NULL, NULL),
(401, 98, 'MA', '', NULL, NULL),
(402, 98, 'MB', '', NULL, NULL),
(403, 79, 'MC', '', NULL, NULL),
(404, 98, 'MC', '', NULL, NULL),
(405, 87, 'MC', '', NULL, NULL),
(406, 6, 'MC', '', NULL, NULL),
(407, 98, 'MD', '', NULL, NULL),
(408, 98, 'ME', '', NULL, NULL),
(409, 98, 'MF', '', NULL, NULL),
(410, 98, 'MH', '', NULL, NULL),
(411, 148, 'MI', '', NULL, NULL),
(412, 98, 'MJ', '', NULL, NULL),
(413, 87, 'MJ', '', NULL, NULL),
(414, 6, 'MJ', '', NULL, NULL),
(415, 98, 'MK', '', NULL, NULL),
(416, 98, 'ML', '', NULL, NULL),
(417, 98, 'MM', '', NULL, NULL),
(418, 98, 'MN', '', NULL, NULL),
(419, 149, 'MO', '', NULL, NULL),
(420, 98, 'MP', '', NULL, NULL),
(421, 98, 'MT', '', NULL, NULL),
(422, 98, 'MU', '', NULL, NULL),
(423, 98, 'MV', '', NULL, NULL),
(424, 98, 'MW', '', NULL, NULL),
(425, 98, 'MX', '', NULL, NULL),
(426, 98, 'MY', '', NULL, NULL),
(427, 150, 'N1', '', NULL, NULL),
(428, 151, 'N2', '', NULL, NULL),
(429, 25, 'N3', '', NULL, NULL),
(430, 152, 'N4', '', NULL, NULL),
(431, 79, 'N5', '', NULL, NULL),
(432, 98, 'N5', '', NULL, NULL),
(433, 153, 'N5', '', NULL, NULL),
(434, 153, 'N6', '', NULL, NULL),
(435, 154, 'N7', '', NULL, NULL),
(436, 66, 'N8', '', NULL, NULL),
(437, 155, 'N9', '', NULL, NULL),
(438, 98, 'NA', '', NULL, NULL),
(439, 98, 'NB', '', NULL, NULL),
(440, 98, 'NC', '', NULL, NULL),
(441, 98, 'ND', '', NULL, NULL),
(442, 98, 'NE', '', NULL, NULL),
(443, 98, 'NF', '', NULL, NULL),
(444, 98, 'NH', '', NULL, NULL),
(445, 98, 'NJ', '', NULL, NULL),
(446, 98, 'NK', '', NULL, NULL),
(447, 98, 'NL', '', NULL, NULL),
(448, 98, 'NM', '', NULL, NULL),
(449, 98, 'NN', '', NULL, NULL),
(450, 156, 'NO', '', NULL, NULL),
(451, 98, 'NP', '', NULL, NULL),
(452, 98, 'NT', '', NULL, NULL),
(453, 98, 'NU', '', NULL, NULL),
(454, 98, 'NV', '', NULL, NULL),
(455, 98, 'NW', '', NULL, NULL),
(456, 98, 'NX', '', NULL, NULL),
(457, 98, 'NY', '', NULL, NULL),
(458, 157, 'OH', '', NULL, NULL),
(459, 79, 'OT', '', NULL, NULL),
(460, 158, 'OU', '', NULL, NULL),
(461, 159, 'P1', '', NULL, NULL),
(462, 160, 'P1', '', NULL, NULL),
(463, 87, 'P2', '', NULL, NULL),
(464, 161, 'P3', '', NULL, NULL),
(465, 87, 'P4', '', NULL, NULL),
(466, 51, 'P5', '', NULL, NULL),
(467, 67, 'P6', '', NULL, NULL),
(468, 87, 'P7', '', NULL, NULL),
(469, 162, 'P8', '', NULL, NULL),
(470, 163, 'P9', '', NULL, NULL),
(471, 98, 'PA', '', NULL, NULL),
(472, 98, 'PB', '', NULL, NULL),
(473, 98, 'PC', '', NULL, NULL),
(474, 98, 'PD', '', NULL, NULL),
(475, 75, 'PE', '', NULL, NULL),
(476, 98, 'PF', '', NULL, NULL),
(477, 87, 'PH', '', NULL, NULL),
(478, 159, 'PI', '', NULL, NULL),
(479, 87, 'PJ', '', NULL, NULL),
(480, 87, 'PK', '', NULL, NULL),
(481, 164, 'PK', '', NULL, NULL),
(482, 87, 'PL', '', NULL, NULL),
(483, 87, 'PM', '', NULL, NULL),
(484, 87, 'PN', '', NULL, NULL),
(485, 165, 'PO', '', NULL, NULL),
(486, 87, 'PP', '', NULL, NULL),
(487, 87, 'PT', '', NULL, NULL),
(488, 87, 'PU', '', NULL, NULL),
(489, 166, 'PU', '', NULL, NULL),
(490, 87, 'PV', '', NULL, NULL),
(491, 87, 'PW', '', NULL, NULL),
(492, 87, 'PX', '', NULL, NULL),
(493, 87, 'PY', '', NULL, NULL),
(494, 66, 'PY', '', NULL, NULL),
(495, 44, 'T1', '', NULL, NULL),
(496, 45, 'T1', '', NULL, NULL),
(497, 167, 'T2', '', NULL, NULL),
(498, 71, 'T2', '', NULL, NULL),
(499, 18, 'T3', '', NULL, NULL),
(500, 168, 'T3', '', NULL, NULL),
(501, 169, 'T4', '', NULL, NULL),
(502, 170, 'T5', '', NULL, NULL),
(503, 171, 'T6', '', NULL, NULL),
(504, 44, 'T7', '', NULL, NULL),
(505, 45, 'T7', '', NULL, NULL),
(506, 98, 'T8', '', NULL, NULL),
(507, 163, 'T9', '', NULL, NULL),
(508, 87, 'TA', '', NULL, NULL),
(509, 87, 'TB', '', NULL, NULL),
(510, 87, 'TC', '', NULL, NULL),
(511, 87, 'TD', '', NULL, NULL),
(512, 87, 'TE', '', NULL, NULL),
(513, 87, 'TF', '', NULL, NULL),
(514, 87, 'TH', '', NULL, NULL),
(515, 87, 'TJ', '', NULL, NULL),
(516, 87, 'TK', '', NULL, NULL),
(517, 87, 'TL', '', NULL, NULL),
(518, 87, 'TM', '', NULL, NULL),
(519, 87, 'TN', '', NULL, NULL),
(520, 156, 'TO', '', NULL, NULL),
(521, 87, 'TP', '', NULL, NULL),
(522, 87, 'TT', '', NULL, NULL),
(523, 87, 'TU', '', NULL, NULL),
(524, 87, 'TV', '', NULL, NULL),
(525, 87, 'TW', '', NULL, NULL),
(526, 87, 'TX', '', NULL, NULL),
(527, 87, 'TY', '', NULL, NULL),
(528, 172, 'TY', '', NULL, NULL),
(529, 173, 'U1', '', NULL, NULL),
(530, 79, 'U2', '', NULL, NULL),
(531, 98, 'U2', '', NULL, NULL),
(532, 8, 'U2', '', NULL, NULL),
(533, 174, 'U3', '', NULL, NULL),
(534, 175, 'U4', '', NULL, NULL),
(535, 176, 'U5', '', NULL, NULL),
(536, 153, 'U6', '', NULL, NULL),
(537, 153, 'U7', '', NULL, NULL),
(538, 177, 'U8', '', NULL, NULL),
(539, 26, 'U9', '', NULL, NULL),
(540, 87, 'UA', '', NULL, NULL),
(541, 87, 'UB', '', NULL, NULL),
(542, 87, 'UC', '', NULL, NULL),
(543, 87, 'UD', '', NULL, NULL),
(544, 87, 'UE', '', NULL, NULL),
(545, 87, 'UF', '', NULL, NULL),
(546, 87, 'UH', '', NULL, NULL),
(547, 87, 'UJ', '', NULL, NULL),
(548, 87, 'UK', '', NULL, NULL),
(549, 87, 'UL', '', NULL, NULL),
(550, 87, 'UM', '', NULL, NULL),
(551, 87, 'UN', '', NULL, NULL),
(552, 156, 'UO', '', NULL, NULL),
(553, 26, 'UP', '', NULL, NULL),
(554, 26, 'UT', '', NULL, NULL),
(555, 178, 'UU', '', NULL, NULL),
(556, 179, 'UV', '', NULL, NULL),
(557, 180, 'UW', '', NULL, NULL),
(558, 181, 'UX', '', NULL, NULL),
(559, 182, 'UY', '', NULL, NULL),
(560, 183, 'V1', '', NULL, NULL),
(561, 184, 'V2', '', NULL, NULL),
(562, 185, 'V3', '', NULL, NULL),
(563, 186, 'V4', '', NULL, NULL),
(564, 187, 'V4', '', NULL, NULL),
(565, 8, 'V4', '', NULL, NULL),
(566, 20, 'V5', '', NULL, NULL),
(567, 20, 'V6', '', NULL, NULL),
(568, 184, 'V7', '', NULL, NULL),
(569, 160, 'V8', '', NULL, NULL),
(570, 0, 'V9', '', NULL, NULL),
(571, 20, 'VA', '', NULL, NULL),
(572, 20, 'VB', '', NULL, NULL),
(573, 20, 'VC', '', NULL, NULL),
(574, 20, 'VD', '', NULL, NULL),
(575, 20, 'VE', '', NULL, NULL),
(576, 20, 'VF', '', NULL, NULL),
(577, 20, 'VH', '', NULL, NULL),
(578, 20, 'VJ', '', NULL, NULL),
(579, 20, 'VK', '', NULL, NULL),
(580, 20, 'VL', '', NULL, NULL),
(581, 20, 'VM', '', NULL, NULL),
(582, 20, 'VN', '', NULL, NULL),
(583, 156, 'VO', '', NULL, NULL),
(584, 20, 'VP', '', NULL, NULL),
(585, 20, 'VT', '', NULL, NULL),
(586, 189, 'VU', '', NULL, NULL),
(587, 20, 'VV', '', NULL, NULL),
(588, 186, 'VW', '', NULL, NULL),
(589, 187, 'VW', '', NULL, NULL),
(590, 20, 'VX', '', NULL, NULL),
(591, 20, 'VY', '', NULL, NULL),
(592, 20, 'W1', '', NULL, NULL),
(593, 20, 'W2', '', NULL, NULL),
(594, 190, 'W3', '', NULL, NULL),
(595, 79, 'W4', '', NULL, NULL),
(596, 20, 'W5', '', NULL, NULL),
(597, 191, 'W6', '', NULL, NULL),
(598, 20, 'W7', '', NULL, NULL),
(599, 192, 'W8', '', NULL, NULL),
(600, 20, 'W9', '', NULL, NULL),
(601, 20, 'WA', '', NULL, NULL),
(602, 193, 'WB', '', NULL, NULL),
(603, 20, 'WC', '', NULL, NULL),
(604, 194, 'WD', '', NULL, NULL),
(605, 195, 'WE', '', NULL, NULL),
(606, 20, 'WF', '', NULL, NULL),
(607, 20, 'WH', '', NULL, NULL),
(608, 79, 'WM', '', NULL, NULL),
(609, 196, 'WO', '', NULL, NULL),
(610, 197, 'WT', '', NULL, NULL),
(611, 58, 'WU', '', NULL, NULL),
(612, 51, 'WV', '', NULL, NULL),
(613, 198, 'WW', '', NULL, NULL),
(614, 198, 'WX', '', NULL, NULL),
(615, 198, 'WY', '', NULL, NULL),
(616, 184, 'X0', '', NULL, NULL),
(617, 139, 'X1', '', NULL, NULL),
(618, 199, 'X2', '', NULL, NULL),
(619, 200, 'X3', '', NULL, NULL),
(620, 201, 'X3', '', NULL, NULL),
(621, 202, 'X4', '', NULL, NULL),
(622, 203, 'X5', '', NULL, NULL),
(623, 184, 'X6', '', NULL, NULL),
(624, 184, 'X7', '', NULL, NULL),
(625, 184, 'X8', '', NULL, NULL),
(626, 184, 'X9', '', NULL, NULL),
(627, 204, 'XA', '', NULL, NULL),
(628, 204, 'XB', '', NULL, NULL),
(629, 204, 'XC', '', NULL, NULL),
(630, 204, 'XD', '', NULL, NULL),
(631, 204, 'XE', '', NULL, NULL),
(632, 204, 'XF', '', NULL, NULL),
(633, 204, 'XH', '', NULL, NULL),
(634, 204, 'XJ', '', NULL, NULL),
(635, 204, 'XK', '', NULL, NULL),
(636, 204, 'XL', '', NULL, NULL),
(637, 204, 'XM', '', NULL, NULL),
(638, 204, 'XN', '', NULL, NULL),
(639, 204, 'XP', '', NULL, NULL),
(640, 204, 'XT', '', NULL, NULL),
(641, 19, 'XV', '', NULL, NULL),
(642, 19, 'XW', '', NULL, NULL),
(643, 205, 'XX', '', NULL, NULL),
(644, 19, 'XY', '', NULL, NULL),
(645, 98, 'Y1', '', NULL, NULL),
(646, 19, 'Y2', '', NULL, NULL),
(647, 75, 'Y3', '', NULL, NULL),
(648, 19, 'Y4', '', NULL, NULL),
(649, 206, 'Y5', '', NULL, NULL),
(650, 79, 'Y6', '', NULL, NULL),
(651, 18, 'Y7', '', NULL, NULL),
(652, 207, 'Y8', '', NULL, NULL),
(653, 208, 'Y9', '', NULL, NULL),
(654, 19, 'YA', '', NULL, NULL),
(655, 19, 'YB', '', NULL, NULL),
(656, 19, 'YC', '', NULL, NULL),
(657, 19, 'YD', '', NULL, NULL),
(658, 19, 'YE', '', NULL, NULL),
(659, 19, 'YF', '', NULL, NULL),
(660, 19, 'YH', '', NULL, NULL),
(661, 19, 'YJ', '', NULL, NULL),
(662, 19, 'YK', '', NULL, NULL),
(663, 209, 'YL', '', NULL, NULL),
(664, 75, 'YM', '', NULL, NULL),
(665, 75, 'YN', '', NULL, NULL),
(666, 32, 'YO', '', NULL, NULL),
(667, 210, 'ZZ', '', NULL, NULL),
(668, 47, '', '', NULL, NULL),
(669, 47, '', '', NULL, NULL),
(670, 47, '', '', NULL, NULL),
(671, 47, '', '', NULL, NULL),
(672, 47, '', '', NULL, NULL),
(673, 47, '', '', NULL, NULL),
(674, 47, '', '', NULL, NULL),
(675, 47, '', '', NULL, NULL),
(676, 47, '', '', NULL, NULL),
(677, 47, '', '', NULL, NULL),
(678, 47, '', '', NULL, NULL),
(679, 47, '', '', NULL, NULL),
(680, 47, '', '', NULL, NULL),
(681, 47, '', '', NULL, NULL),
(682, 47, '', '', NULL, NULL),
(683, 47, '', '', NULL, NULL),
(684, 47, '', '', NULL, NULL),
(685, 47, '', '', NULL, NULL),
(686, 47, '', '', NULL, NULL),
(687, 47, '', '', NULL, NULL),
(688, 47, '', '', NULL, NULL),
(689, 47, '', '', NULL, NULL),
(690, 47, '', '', NULL, NULL),
(691, 47, '', '', NULL, NULL),
(692, 21, '', '', NULL, NULL),
(693, 21, '', '', NULL, NULL),
(694, 21, '', '', NULL, NULL),
(695, 21, '', '', NULL, NULL),
(696, 21, '', '', NULL, NULL),
(697, 21, '', '', NULL, NULL),
(698, 21, '', '', NULL, NULL),
(699, 21, '', '', NULL, NULL),
(700, 21, '', '', NULL, NULL),
(701, 21, '', '', NULL, NULL),
(702, 44, '', '', NULL, NULL),
(703, 44, '', '', NULL, NULL),
(704, 44, '', '', NULL, NULL),
(705, 44, '', '', NULL, NULL),
(706, 44, '', '', NULL, NULL),
(707, 44, '', '', NULL, NULL),
(708, 44, '', '', NULL, NULL),
(709, 44, '', '', NULL, NULL),
(710, 44, '', '', NULL, NULL),
(711, 44, '', '', NULL, NULL),
(712, 44, '', '', NULL, NULL),
(713, 44, '', '', NULL, NULL),
(714, 44, '', '', NULL, NULL),
(715, 44, '', '', NULL, NULL),
(716, 44, '', '', NULL, NULL),
(717, 44, '', '', NULL, NULL),
(718, 44, '', '', NULL, NULL),
(719, 44, '', '', NULL, NULL),
(720, 82, '', '', NULL, NULL),
(721, 82, '', '', NULL, NULL),
(722, 82, '', '', NULL, NULL),
(723, 82, '', '', NULL, NULL),
(724, 82, '', '', NULL, NULL),
(725, 82, '', '', NULL, NULL),
(726, 82, '', '', NULL, NULL),
(727, 82, '', '', NULL, NULL),
(728, 82, '', '', NULL, NULL),
(729, 82, '', '', NULL, NULL),
(730, 82, '', '', NULL, NULL),
(731, 82, '', '', NULL, NULL),
(732, 82, '', '', NULL, NULL),
(733, 82, '', '', NULL, NULL),
(734, 18, '', '', NULL, NULL),
(735, 18, '', '', NULL, NULL),
(736, 18, '', '', NULL, NULL),
(737, 18, '', '', NULL, NULL),
(738, 18, '', '', NULL, NULL),
(739, 18, '', '', NULL, NULL),
(740, 18, '', '', NULL, NULL),
(741, 18, '', '', NULL, NULL),
(742, 18, '', '', NULL, NULL),
(743, 18, '', '', NULL, NULL),
(744, 18, '', '', NULL, NULL),
(745, 18, '', '', NULL, NULL),
(746, 18, '', '', NULL, NULL),
(747, 18, '', '', NULL, NULL),
(748, 18, '', '', NULL, NULL),
(749, 18, '', '', NULL, NULL),
(750, 18, '', '', NULL, NULL),
(751, 18, '', '', NULL, NULL),
(752, 18, '', '', NULL, NULL),
(753, 18, '', '', NULL, NULL),
(754, 18, '', '', NULL, NULL),
(755, 18, '', '', NULL, NULL),
(756, 18, '', '', NULL, NULL),
(757, 18, '', '', NULL, NULL),
(758, 18, '', '', NULL, NULL),
(759, 18, '', '', NULL, NULL),
(760, 18, '', '', NULL, NULL),
(761, 18, '', '', NULL, NULL),
(762, 18, '', '', NULL, NULL),
(763, 18, '', '', NULL, NULL),
(764, 18, '', '', NULL, NULL),
(765, 18, '', '', NULL, NULL),
(766, 18, '', '', NULL, NULL),
(767, 18, '', '', NULL, NULL),
(768, 18, '', '', NULL, NULL),
(769, 18, '', '', NULL, NULL),
(770, 18, '', '', NULL, NULL),
(771, 18, '', '', NULL, NULL),
(772, 18, '', '', NULL, NULL),
(773, 18, '', '', NULL, NULL),
(774, 18, '', '', NULL, NULL),
(775, 18, '', '', NULL, NULL),
(776, 18, '', '', NULL, NULL),
(777, 18, '', '', NULL, NULL),
(778, 18, '', '', NULL, NULL),
(779, 18, '', '', NULL, NULL),
(780, 18, '', '', NULL, NULL),
(781, 18, '', '', NULL, NULL),
(782, 18, '', '', NULL, NULL),
(783, 18, '', '', NULL, NULL),
(784, 18, '', '', NULL, NULL),
(785, 18, '', '', NULL, NULL),
(786, 18, '', '', NULL, NULL),
(787, 18, '', '', NULL, NULL),
(788, 18, '', '', NULL, NULL),
(789, 18, '', '', NULL, NULL),
(790, 18, '', '', NULL, NULL),
(791, 18, '', '', NULL, NULL),
(792, 18, '', '', NULL, NULL),
(793, 18, '', '', NULL, NULL),
(794, 18, '', '', NULL, NULL),
(795, 18, '', '', NULL, NULL),
(796, 18, '', '', NULL, NULL),
(797, 18, '', '', NULL, NULL),
(798, 18, '', '', NULL, NULL),
(799, 18, '', '', NULL, NULL),
(800, 18, '', '', NULL, NULL),
(801, 18, '', '', NULL, NULL),
(802, 18, '', '', NULL, NULL),
(803, 18, '', '', NULL, NULL),
(804, 18, '', '', NULL, NULL),
(805, 18, '', '', NULL, NULL),
(806, 18, '', '', NULL, NULL),
(807, 18, '', '', NULL, NULL),
(808, 18, '', '', NULL, NULL),
(809, 18, '', '', NULL, NULL),
(810, 18, '', '', NULL, NULL),
(811, 18, '', '', NULL, NULL),
(812, 18, '', '', NULL, NULL),
(813, 18, '', '', NULL, NULL),
(814, 18, '', '', NULL, NULL),
(815, 18, '', '', NULL, NULL),
(816, 18, '', '', NULL, NULL),
(817, 18, '', '', NULL, NULL),
(818, 18, '', '', NULL, NULL),
(819, 18, '', '', NULL, NULL),
(820, 18, '', '', NULL, NULL),
(821, 18, '', '', NULL, NULL),
(822, 18, '', '', NULL, NULL),
(823, 18, '', '', NULL, NULL),
(824, 18, '', '', NULL, NULL),
(825, 18, '', '', NULL, NULL),
(826, 18, '', '', NULL, NULL),
(827, 18, '', '', NULL, NULL),
(828, 18, '', '', NULL, NULL),
(829, 18, '', '', NULL, NULL),
(830, 18, '', '', NULL, NULL),
(831, 18, '', '', NULL, NULL),
(832, 18, '', '', NULL, NULL),
(833, 18, '', '', NULL, NULL),
(834, 18, '', '', NULL, NULL),
(835, 18, '', '', NULL, NULL),
(836, 18, '', '', NULL, NULL),
(837, 18, '', '', NULL, NULL),
(838, 18, '', '', NULL, NULL),
(839, 18, '', '', NULL, NULL),
(840, 18, '', '', NULL, NULL),
(841, 18, '', '', NULL, NULL),
(842, 18, '', '', NULL, NULL),
(843, 18, '', '', NULL, NULL),
(844, 18, '', '', NULL, NULL),
(845, 18, '', '', NULL, NULL),
(846, 18, '', '', NULL, NULL),
(847, 18, '', '', NULL, NULL),
(848, 18, '', '', NULL, NULL),
(849, 18, '', '', NULL, NULL),
(850, 18, '', '', NULL, NULL),
(851, 18, '', '', NULL, NULL),
(852, 18, '', '', NULL, NULL),
(853, 18, '', '', NULL, NULL),
(854, 58, '', '', NULL, NULL),
(855, 58, '', '', NULL, NULL),
(856, 58, '', '', NULL, NULL),
(857, 58, '', '', NULL, NULL),
(858, 58, '', '', NULL, NULL),
(859, 3, '', '', NULL, NULL),
(860, 3, '', '', NULL, NULL),
(861, 3, '', '', NULL, NULL),
(862, 3, '', '', NULL, NULL),
(863, 3, '', '', NULL, NULL),
(864, 3, '', '', NULL, NULL),
(865, 3, '', '', NULL, NULL),
(866, 36, '', '', NULL, NULL),
(867, 36, '', '', NULL, NULL),
(868, 67, '', '', NULL, NULL),
(869, 67, '', '', NULL, NULL),
(870, 67, '', '', NULL, NULL),
(871, 67, '', '', NULL, NULL),
(872, 67, '', '', NULL, NULL),
(873, 67, '', '', NULL, NULL),
(874, 67, '', '', NULL, NULL),
(875, 67, '', '', NULL, NULL),
(876, 67, '', '', NULL, NULL),
(877, 67, '', '', NULL, NULL),
(878, 67, '', '', NULL, NULL),
(879, 67, '', '', NULL, NULL),
(880, 67, '', '', NULL, NULL),
(881, 67, '', '', NULL, NULL),
(882, 67, '', '', NULL, NULL),
(883, 67, '', '', NULL, NULL),
(884, 67, '', '', NULL, NULL),
(885, 67, '', '', NULL, NULL),
(886, 67, '', '', NULL, NULL),
(887, 67, '', '', NULL, NULL),
(888, 67, '', '', NULL, NULL),
(889, 67, '', '', NULL, NULL),
(890, 67, '', '', NULL, NULL),
(891, 67, '', '', NULL, NULL),
(892, 67, '', '', NULL, NULL),
(893, 67, '', '', NULL, NULL),
(894, 67, '', '', NULL, NULL),
(895, 67, '', '', NULL, NULL),
(896, 67, '', '', NULL, NULL),
(897, 67, '', '', NULL, NULL),
(898, 67, '', '', NULL, NULL),
(899, 67, '', '', NULL, NULL),
(900, 67, '', '', NULL, NULL),
(901, 67, '', '', NULL, NULL),
(902, 67, '', '', NULL, NULL),
(903, 67, '', '', NULL, NULL),
(904, 67, '', '', NULL, NULL),
(905, 67, '', '', NULL, NULL),
(906, 67, '', '', NULL, NULL),
(907, 67, '', '', NULL, NULL),
(908, 67, '', '', NULL, NULL),
(909, 67, '', '', NULL, NULL),
(910, 67, '', '', NULL, NULL),
(911, 67, '', '', NULL, NULL),
(912, 67, '', '', NULL, NULL),
(913, 67, '', '', NULL, NULL),
(914, 26, '', '', NULL, NULL),
(915, 26, '', '', NULL, NULL),
(916, 26, '', '', NULL, NULL),
(917, 26, '', '', NULL, NULL),
(918, 26, '', '', NULL, NULL),
(919, 26, '', '', NULL, NULL),
(920, 26, '', '', NULL, NULL),
(921, 26, '', '', NULL, NULL),
(922, 56, '', '', NULL, NULL),
(923, 56, '', '', NULL, NULL),
(924, 56, '', '', NULL, NULL),
(925, 19, '', '', NULL, NULL),
(926, 19, '', '', NULL, NULL),
(927, 19, '', '', NULL, NULL),
(928, 19, '', '', NULL, NULL),
(929, 19, '', '', NULL, NULL),
(930, 22, '', '', NULL, NULL),
(931, 22, '', '', NULL, NULL),
(932, 22, '', '', NULL, NULL),
(933, 22, '', '', NULL, NULL),
(934, 22, '', '', NULL, NULL),
(935, 22, '', '', NULL, NULL),
(936, 22, '', '', NULL, NULL),
(937, 22, '', '', NULL, NULL),
(938, 22, '', '', NULL, NULL),
(939, 22, '', '', NULL, NULL),
(940, 22, '', '', NULL, NULL),
(941, 22, '', '', NULL, NULL),
(942, 22, '', '', NULL, NULL),
(943, 22, '', '', NULL, NULL),
(944, 22, '', '', NULL, NULL),
(945, 22, '', '', NULL, NULL),
(946, 22, '', '', NULL, NULL),
(947, 22, '', '', NULL, NULL),
(948, 22, '', '', NULL, NULL),
(949, 22, '', '', NULL, NULL),
(950, 22, '', '', NULL, NULL),
(951, 22, '', '', NULL, NULL),
(952, 22, '', '', NULL, NULL),
(953, 22, '', '', NULL, NULL),
(954, 22, '', '', NULL, NULL),
(955, 22, '', '', NULL, NULL),
(956, 22, '', '', NULL, NULL),
(957, 22, '', '', NULL, NULL),
(958, 22, '', '', NULL, NULL),
(959, 22, '', '', NULL, NULL),
(960, 60, '', '', NULL, NULL),
(961, 60, '', '', NULL, NULL),
(962, 60, '', '', NULL, NULL),
(963, 79, '', '', NULL, NULL),
(964, 79, '', '', NULL, NULL),
(965, 79, '', '', NULL, NULL),
(966, 79, '', '', NULL, NULL),
(967, 79, '', '', NULL, NULL),
(968, 79, '', '', NULL, NULL),
(969, 79, '', '', NULL, NULL),
(970, 79, '', '', NULL, NULL),
(971, 79, '', '', NULL, NULL),
(972, 79, '', '', NULL, NULL),
(973, 79, '', '', NULL, NULL),
(974, 79, '', '', NULL, NULL),
(975, 79, '', '', NULL, NULL),
(976, 79, '', '', NULL, NULL),
(977, 79, '', '', NULL, NULL),
(978, 79, '', '', NULL, NULL),
(979, 79, '', '', NULL, NULL),
(980, 79, '', '', NULL, NULL),
(981, 79, '', '', NULL, NULL),
(982, 79, '', '', NULL, NULL),
(983, 79, '', '', NULL, NULL),
(984, 79, '', '', NULL, NULL),
(985, 79, '', '', NULL, NULL),
(986, 79, '', '', NULL, NULL),
(987, 79, '', '', NULL, NULL),
(988, 79, '', '', NULL, NULL),
(989, 79, '', '', NULL, NULL),
(990, 79, '', '', NULL, NULL),
(991, 79, '', '', NULL, NULL),
(992, 79, '', '', NULL, NULL),
(993, 79, '', '', NULL, NULL),
(994, 79, '', '', NULL, NULL),
(995, 79, '', '', NULL, NULL),
(996, 79, '', '', NULL, NULL),
(997, 79, '', '', NULL, NULL),
(998, 79, '', '', NULL, NULL),
(999, 79, '', '', NULL, NULL),
(1000, 79, '', '', NULL, NULL),
(1001, 79, '', '', NULL, NULL),
(1002, 79, '', '', NULL, NULL),
(1003, 79, '', '', NULL, NULL),
(1004, 79, '', '', NULL, NULL),
(1005, 79, '', '', NULL, NULL),
(1006, 79, '', '', NULL, NULL),
(1007, 79, '', '', NULL, NULL),
(1008, 79, '', '', NULL, NULL),
(1009, 79, '', '', NULL, NULL),
(1010, 79, '', '', NULL, NULL),
(1011, 79, '', '', NULL, NULL),
(1012, 79, '', '', NULL, NULL),
(1013, 79, '', '', NULL, NULL),
(1014, 79, '', '', NULL, NULL),
(1015, 79, '', '', NULL, NULL),
(1016, 79, '', '', NULL, NULL),
(1017, 79, '', '', NULL, NULL),
(1018, 79, '', '', NULL, NULL),
(1019, 79, '', '', NULL, NULL),
(1020, 79, '', '', NULL, NULL),
(1021, 79, '', '', NULL, NULL),
(1022, 79, '', '', NULL, NULL),
(1023, 79, '', '', NULL, NULL),
(1024, 79, '', '', NULL, NULL),
(1025, 79, '', '', NULL, NULL),
(1026, 79, '', '', NULL, NULL),
(1027, 79, '', '', NULL, NULL),
(1028, 79, '', '', NULL, NULL),
(1029, 79, '', '', NULL, NULL),
(1030, 79, '', '', NULL, NULL),
(1031, 79, '', '', NULL, NULL),
(1032, 79, '', '', NULL, NULL),
(1033, 79, '', '', NULL, NULL),
(1034, 79, '', '', NULL, NULL),
(1035, 79, '', '', NULL, NULL),
(1036, 79, '', '', NULL, NULL),
(1037, 79, '', '', NULL, NULL),
(1038, 79, '', '', NULL, NULL),
(1039, 79, '', '', NULL, NULL),
(1040, 79, '', '', NULL, NULL),
(1041, 79, '', '', NULL, NULL),
(1042, 79, '', '', NULL, NULL),
(1043, 79, '', '', NULL, NULL),
(1044, 79, '', '', NULL, NULL),
(1045, 79, '', '', NULL, NULL),
(1046, 79, '', '', NULL, NULL),
(1047, 79, '', '', NULL, NULL),
(1048, 79, '', '', NULL, NULL),
(1049, 79, '', '', NULL, NULL),
(1050, 23, '', '', NULL, NULL),
(1051, 23, '', '', NULL, NULL),
(1052, 23, '', '', NULL, NULL),
(1053, 23, '', '', NULL, NULL),
(1054, 23, '', '', NULL, NULL),
(1055, 23, '', '', NULL, NULL),
(1056, 23, '', '', NULL, NULL),
(1057, 23, '', '', NULL, NULL),
(1058, 23, '', '', NULL, NULL),
(1059, 23, '', '', NULL, NULL),
(1060, 23, '', '', NULL, NULL),
(1061, 23, '', '', NULL, NULL),
(1062, 23, '', '', NULL, NULL),
(1063, 23, '', '', NULL, NULL),
(1064, 23, '', '', NULL, NULL),
(1065, 23, '', '', NULL, NULL),
(1066, 23, '', '', NULL, NULL),
(1067, 23, '', '', NULL, NULL),
(1068, 23, '', '', NULL, NULL),
(1069, 23, '', '', NULL, NULL),
(1070, 31, '', '', NULL, NULL),
(1071, 31, '', '', NULL, NULL),
(1072, 31, '', '', NULL, NULL),
(1073, 186, '', '', NULL, NULL),
(1074, 186, '', '', NULL, NULL),
(1075, 186, '', '', NULL, NULL),
(1076, 186, '', '', NULL, NULL),
(1077, 186, '', '', NULL, NULL),
(1078, 186, '', '', NULL, NULL),
(1079, 186, '', '', NULL, NULL),
(1080, 186, '', '', NULL, NULL),
(1081, 186, '', '', NULL, NULL),
(1082, 20, '', '', NULL, NULL),
(1083, 20, '', '', NULL, NULL),
(1084, 20, '', '', NULL, NULL),
(1085, 20, '', '', NULL, NULL),
(1086, 20, '', '', NULL, NULL),
(1087, 20, '', '', NULL, NULL),
(1088, 20, '', '', NULL, NULL),
(1089, 20, '', '', NULL, NULL),
(1090, 20, '', '', NULL, NULL),
(1091, 20, '', '', NULL, NULL),
(1092, 20, '', '', NULL, NULL),
(1093, 20, '', '', NULL, NULL),
(1094, 20, '', '', NULL, NULL),
(1095, 20, '', '', NULL, NULL),
(1096, 20, '', '', NULL, NULL),
(1097, 20, '', '', NULL, NULL),
(1098, 20, '', '', NULL, NULL),
(1099, 20, '', '', NULL, NULL),
(1100, 20, '', '', NULL, NULL),
(1101, 20, '', '', NULL, NULL),
(1102, 20, '', '', NULL, NULL),
(1103, 20, '', '', NULL, NULL),
(1104, 20, '', '', NULL, NULL),
(1105, 20, '', '', NULL, NULL),
(1106, 20, '', '', NULL, NULL),
(1107, 20, '', '', NULL, NULL),
(1108, 20, '', '', NULL, NULL),
(1109, 20, '', '', NULL, NULL),
(1110, 20, '', '', NULL, NULL),
(1111, 20, '', '', NULL, NULL),
(1112, 20, '', '', NULL, NULL),
(1113, 20, '', '', NULL, NULL),
(1114, 20, '', '', NULL, NULL),
(1115, 20, '', '', NULL, NULL),
(1116, 20, '', '', NULL, NULL),
(1117, 20, '', '', NULL, NULL),
(1118, 20, '', '', NULL, NULL),
(1119, 20, '', '', NULL, NULL),
(1120, 20, '', '', NULL, NULL),
(1121, 51, '', '', NULL, NULL),
(1122, 51, '', '', NULL, NULL),
(1123, 51, '', '', NULL, NULL),
(1124, 51, '', '', NULL, NULL),
(1125, 51, '', '', NULL, NULL),
(1126, 51, '', '', NULL, NULL),
(1127, 51, '', '', NULL, NULL),
(1128, 51, '', '', NULL, NULL),
(1129, 51, '', '', NULL, NULL),
(1130, 51, '', '', NULL, NULL),
(1131, 51, '', '', NULL, NULL),
(1132, 51, '', '', NULL, NULL),
(1133, 51, '', '', NULL, NULL),
(1134, 51, '', '', NULL, NULL),
(1135, 51, '', '', NULL, NULL),
(1136, 51, '', '', NULL, NULL),
(1137, 51, '', '', NULL, NULL),
(1138, 51, '', '', NULL, NULL),
(1139, 51, '', '', NULL, NULL),
(1140, 51, '', '', NULL, NULL),
(1141, 51, '', '', NULL, NULL),
(1142, 51, '', '', NULL, NULL),
(1143, 51, '', '', NULL, NULL),
(1144, 51, '', '', NULL, NULL),
(1145, 51, '', '', NULL, NULL),
(1146, 51, '', '', NULL, NULL),
(1147, 51, '', '', NULL, NULL),
(1148, 51, '', '', NULL, NULL),
(1149, 51, '', '', NULL, NULL),
(1150, 51, '', '', NULL, NULL),
(1151, 51, '', '', NULL, NULL),
(1152, 51, '', '', NULL, NULL),
(1153, 51, '', '', NULL, NULL),
(1154, 51, '', '', NULL, NULL),
(1155, 51, '', '', NULL, NULL),
(1156, 51, '', '', NULL, NULL),
(1157, 51, '', '', NULL, NULL),
(1158, 9, '', '', NULL, NULL),
(1159, 9, '', '', NULL, NULL),
(1160, 9, '', '', NULL, NULL),
(1161, 9, '', '', NULL, NULL),
(1162, 9, '', '', NULL, NULL),
(1163, 9, '', '', NULL, NULL),
(1164, 16, '', '', NULL, NULL),
(1165, 16, '', '', NULL, NULL),
(1166, 16, '', '', NULL, NULL),
(1167, 82, '', '', NULL, NULL),
(1168, 82, '', '', NULL, NULL),
(1169, 82, '', '', NULL, NULL),
(1170, 82, '', '', NULL, NULL),
(1171, 82, '', '', NULL, NULL),
(1172, 98, '', '', NULL, NULL),
(1173, 98, '', '', NULL, NULL),
(1174, 98, '', '', NULL, NULL),
(1175, 98, '', '', NULL, NULL),
(1176, 98, '', '', NULL, NULL),
(1177, 98, '', '', NULL, NULL),
(1178, 98, '', '', NULL, NULL),
(1179, 98, '', '', NULL, NULL),
(1180, 98, '', '', NULL, NULL),
(1181, 98, '', '', NULL, NULL),
(1182, 98, '', '', NULL, NULL),
(1183, 98, '', '', NULL, NULL),
(1184, 98, '', '', NULL, NULL),
(1185, 98, '', '', NULL, NULL),
(1186, 98, '', '', NULL, NULL),
(1187, 98, '', '', NULL, NULL),
(1188, 98, '', '', NULL, NULL),
(1189, 98, '', '', NULL, NULL),
(1190, 98, '', '', NULL, NULL),
(1191, 98, '', '', NULL, NULL),
(1192, 98, '', '', NULL, NULL),
(1193, 98, '', '', NULL, NULL),
(1194, 98, '', '', NULL, NULL),
(1195, 98, '', '', NULL, NULL),
(1196, 98, '', '', NULL, NULL),
(1197, 98, '', '', NULL, NULL),
(1198, 98, '', '', NULL, NULL),
(1199, 98, '', '', NULL, NULL),
(1200, 98, '', '', NULL, NULL),
(1201, 98, '', '', NULL, NULL),
(1202, 98, '', '', NULL, NULL),
(1203, 98, '', '', NULL, NULL),
(1204, 98, '', '', NULL, NULL),
(1205, 98, '', '', NULL, NULL),
(1206, 98, '', '', NULL, NULL),
(1207, 98, '', '', NULL, NULL),
(1208, 98, '', '', NULL, NULL),
(1209, 98, '', '', NULL, NULL),
(1210, 98, '', '', NULL, NULL),
(1211, 98, '', '', NULL, NULL),
(1212, 98, '', '', NULL, NULL),
(1213, 98, '', '', NULL, NULL),
(1214, 98, '', '', NULL, NULL),
(1215, 98, '', '', NULL, NULL),
(1216, 98, '', '', NULL, NULL),
(1217, 98, '', '', NULL, NULL),
(1218, 98, '', '', NULL, NULL),
(1219, 98, '', '', NULL, NULL),
(1220, 98, '', '', NULL, NULL),
(1221, 98, '', '', NULL, NULL),
(1222, 98, '', '', NULL, NULL),
(1223, 98, '', '', NULL, NULL),
(1224, 98, '', '', NULL, NULL),
(1225, 98, '', '', NULL, NULL),
(1226, 98, '', '', NULL, NULL),
(1227, 98, '', '', NULL, NULL),
(1228, 98, '', '', NULL, NULL),
(1229, 98, '', '', NULL, NULL),
(1230, 98, '', '', NULL, NULL),
(1231, 98, '', '', NULL, NULL),
(1232, 98, '', '', NULL, NULL),
(1233, 98, '', '', NULL, NULL),
(1234, 98, '', '', NULL, NULL),
(1235, 98, '', '', NULL, NULL),
(1236, 98, '', '', NULL, NULL),
(1237, 98, '', '', NULL, NULL),
(1238, 98, '', '', NULL, NULL),
(1239, 98, '', '', NULL, NULL),
(1240, 98, '', '', NULL, NULL),
(1241, 98, '', '', NULL, NULL),
(1242, 98, '', '', NULL, NULL),
(1243, 98, '', '', NULL, NULL),
(1244, 98, '', '', NULL, NULL),
(1245, 98, '', '', NULL, NULL),
(1246, 98, '', '', NULL, NULL),
(1247, 98, '', '', NULL, NULL),
(1248, 98, '', '', NULL, NULL),
(1249, 98, '', '', NULL, NULL),
(1250, 98, '', '', NULL, NULL),
(1251, 98, '', '', NULL, NULL),
(1252, 98, '', '', NULL, NULL),
(1253, 98, '', '', NULL, NULL),
(1254, 98, '', '', NULL, NULL),
(1255, 98, '', '', NULL, NULL),
(1256, 62, '', '', NULL, NULL),
(1257, 62, '', '', NULL, NULL),
(1258, 62, '', '', NULL, NULL),
(1259, 62, '', '', NULL, NULL),
(1260, 62, '', '', NULL, NULL),
(1261, 62, '', '', NULL, NULL),
(1262, 62, '', '', NULL, NULL),
(1263, 62, '', '', NULL, NULL),
(1264, 62, '', '', NULL, NULL),
(1265, 62, '', '', NULL, NULL),
(1266, 62, '', '', NULL, NULL),
(1267, 62, '', '', NULL, NULL),
(1268, 62, '', '', NULL, NULL),
(1269, 45, '', '', NULL, NULL),
(1270, 45, '', '', NULL, NULL),
(1271, 45, '', '', NULL, NULL),
(1272, 45, '', '', NULL, NULL),
(1273, 45, '', '', NULL, NULL),
(1274, 45, '', '', NULL, NULL),
(1275, 45, '', '', NULL, NULL),
(1276, 45, '', '', NULL, NULL),
(1277, 45, '', '', NULL, NULL),
(1278, 45, '', '', NULL, NULL),
(1279, 45, '', '', NULL, NULL),
(1280, 45, '', '', NULL, NULL),
(1281, 45, '', '', NULL, NULL),
(1282, 45, '', '', NULL, NULL),
(1283, 45, '', '', NULL, NULL),
(1284, 45, '', '', NULL, NULL),
(1285, 45, '', '', NULL, NULL),
(1286, 45, '', '', NULL, NULL),
(1287, 45, '', '', NULL, NULL),
(1288, 45, '', '', NULL, NULL),
(1289, 45, '', '', NULL, NULL),
(1290, 45, '', '', NULL, NULL),
(1291, 45, '', '', NULL, NULL),
(1292, 45, '', '', NULL, NULL),
(1293, 45, '', '', NULL, NULL),
(1294, 45, '', '', NULL, NULL),
(1295, 45, '', '', NULL, NULL),
(1296, 45, '', '', NULL, NULL),
(1297, 45, '', '', NULL, NULL),
(1298, 45, '', '', NULL, NULL),
(1299, 45, '', '', NULL, NULL),
(1300, 45, '', '', NULL, NULL),
(1301, 45, '', '', NULL, NULL),
(1302, 45, '', '', NULL, NULL),
(1303, 45, '', '', NULL, NULL),
(1304, 45, '', '', NULL, NULL),
(1305, 45, '', '', NULL, NULL),
(1306, 45, '', '', NULL, NULL),
(1307, 45, '', '', NULL, NULL),
(1308, 45, '', '', NULL, NULL),
(1309, 45, '', '', NULL, NULL),
(1310, 45, '', '', NULL, NULL),
(1311, 45, '', '', NULL, NULL),
(1312, 45, '', '', NULL, NULL),
(1313, 45, '', '', NULL, NULL),
(1314, 45, '', '', NULL, NULL),
(1315, 45, '', '', NULL, NULL),
(1316, 45, '', '', NULL, NULL),
(1317, 32, '', '', NULL, NULL),
(1318, 32, '', '', NULL, NULL),
(1319, 32, '', '', NULL, NULL),
(1320, 32, '', '', NULL, NULL),
(1321, 32, '', '', NULL, NULL),
(1322, 32, '', '', NULL, NULL),
(1323, 32, '', '', NULL, NULL),
(1324, 32, '', '', NULL, NULL),
(1325, 32, '', '', NULL, NULL),
(1326, 32, '', '', NULL, NULL),
(1327, 32, '', '', NULL, NULL),
(1328, 32, '', '', NULL, NULL),
(1329, 32, '', '', NULL, NULL),
(1330, 32, '', '', NULL, NULL),
(1331, 32, '', '', NULL, NULL),
(1332, 32, '', '', NULL, NULL),
(1333, 32, '', '', NULL, NULL),
(1334, 32, '', '', NULL, NULL),
(1335, 32, '', '', NULL, NULL),
(1336, 32, '', '', NULL, NULL),
(1337, 32, '', '', NULL, NULL),
(1338, 32, '', '', NULL, NULL),
(1339, 32, '', '', NULL, NULL),
(1340, 116, '', '', NULL, NULL),
(1341, 87, '', '', NULL, NULL),
(1342, 87, '', '', NULL, NULL),
(1343, 87, '', '', NULL, NULL),
(1344, 87, '', '', NULL, NULL),
(1345, 87, '', '', NULL, NULL),
(1346, 87, '', '', NULL, NULL),
(1347, 87, '', '', NULL, NULL),
(1348, 87, '', '', NULL, NULL),
(1349, 87, '', '', NULL, NULL),
(1350, 87, '', '', NULL, NULL),
(1351, 87, '', '', NULL, NULL),
(1352, 87, '', '', NULL, NULL),
(1353, 87, '', '', NULL, NULL),
(1354, 87, '', '', NULL, NULL),
(1355, 87, '', '', NULL, NULL),
(1356, 87, '', '', NULL, NULL),
(1357, 87, '', '', NULL, NULL),
(1358, 87, '', '', NULL, NULL),
(1359, 87, '', '', NULL, NULL),
(1360, 87, '', '', NULL, NULL),
(1361, 87, '', '', NULL, NULL),
(1362, 87, '', '', NULL, NULL),
(1363, 87, '', '', NULL, NULL),
(1364, 87, '', '', NULL, NULL),
(1365, 87, '', '', NULL, NULL),
(1366, 87, '', '', NULL, NULL),
(1367, 87, '', '', NULL, NULL),
(1368, 87, '', '', NULL, NULL),
(1369, 85, '', '', NULL, NULL),
(1370, 85, '', '', NULL, NULL),
(1371, 85, '', '', NULL, NULL),
(1372, 85, '', '', NULL, NULL),
(1373, 85, '', '', NULL, NULL),
(1374, 85, '', '', NULL, NULL),
(1375, 85, '', '', NULL, NULL),
(1376, 85, '', '', NULL, NULL),
(1377, 85, '', '', NULL, NULL),
(1378, 85, '', '', NULL, NULL),
(1379, 85, '', '', NULL, NULL),
(1380, 85, '', '', NULL, NULL),
(1381, 85, '', '', NULL, NULL),
(1382, 85, '', '', NULL, NULL),
(1383, 85, '', '', NULL, NULL),
(1384, 85, '', '', NULL, NULL),
(1385, 85, '', '', NULL, NULL),
(1386, 85, '', '', NULL, NULL),
(1387, 85, '', '', NULL, NULL),
(1388, 85, '', '', NULL, NULL),
(1389, 85, '', '', NULL, NULL),
(1390, 85, '', '', NULL, NULL),
(1391, 85, '', '', NULL, NULL),
(1392, 85, '', '', NULL, NULL),
(1393, 85, '', '', NULL, NULL),
(1394, 85, '', '', NULL, NULL),
(1395, 85, '', '', NULL, NULL),
(1396, 85, '', '', NULL, NULL),
(1397, 85, '', '', NULL, NULL),
(1398, 85, '', '', NULL, NULL),
(1399, 85, '', '', NULL, NULL),
(1400, 85, '', '', NULL, NULL),
(1401, 85, '', '', NULL, NULL),
(1402, 85, '', '', NULL, NULL),
(1403, 85, '', '', NULL, NULL),
(1404, 85, '', '', NULL, NULL),
(1405, 85, '', '', NULL, NULL),
(1406, 85, '', '', NULL, NULL),
(1407, 85, '', '', NULL, NULL),
(1408, 85, '', '', NULL, NULL),
(1409, 85, '', '', NULL, NULL),
(1410, 85, '', '', NULL, NULL),
(1411, 85, '', '', NULL, NULL),
(1412, 85, '', '', NULL, NULL),
(1413, 85, '', '', NULL, NULL),
(1414, 85, '', '', NULL, NULL),
(1415, 85, '', '', NULL, NULL),
(1416, 85, '', '', NULL, NULL),
(1417, 85, '', '', NULL, NULL),
(1418, 85, '', '', NULL, NULL),
(1419, 85, '', '', NULL, NULL),
(1420, 85, '', '', NULL, NULL),
(1421, 85, '', '', NULL, NULL),
(1422, 85, '', '', NULL, NULL),
(1423, 85, '', '', NULL, NULL),
(1424, 85, '', '', NULL, NULL),
(1425, 85, '', '', NULL, NULL),
(1426, 85, '', '', NULL, NULL),
(1427, 85, '', '', NULL, NULL),
(1428, 85, '', '', NULL, NULL),
(1429, 85, '', '', NULL, NULL),
(1430, 28, '', '', NULL, NULL),
(1431, 28, '', '', NULL, NULL),
(1432, 28, '', '', NULL, NULL),
(1433, 28, '', '', NULL, NULL),
(1434, 28, '', '', NULL, NULL),
(1435, 28, '', '', NULL, NULL),
(1436, 52, '', '', NULL, NULL),
(1437, 52, '', '', NULL, NULL),
(1438, 52, '', '', NULL, NULL),
(1439, 52, '', '', NULL, NULL),
(1440, 52, '', '', NULL, NULL),
(1441, 52, '', '', NULL, NULL),
(1442, 52, '', '', NULL, NULL),
(1443, 107, '', '', NULL, NULL),
(1444, 65, '', '', NULL, NULL),
(1445, 65, '', '', NULL, NULL),
(1446, 65, '', '', NULL, NULL),
(1447, 65, '', '', NULL, NULL),
(1448, 65, '', '', NULL, NULL),
(1449, 65, '', '', NULL, NULL),
(1450, 65, '', '', NULL, NULL),
(1451, 65, '', '', NULL, NULL),
(1452, 65, '', '', NULL, NULL),
(1453, 65, '', '', NULL, NULL),
(1454, 65, '', '', NULL, NULL),
(1455, 65, '', '', NULL, NULL),
(1456, 65, '', '', NULL, NULL),
(1457, 65, '', '', NULL, NULL),
(1458, 65, '', '', NULL, NULL),
(1459, 65, '', '', NULL, NULL),
(1460, 65, '', '', NULL, NULL),
(1461, 65, '', '', NULL, NULL),
(1462, 65, '', '', NULL, NULL),
(1463, 65, '', '', NULL, NULL),
(1464, 65, '', '', NULL, NULL),
(1465, 65, '', '', NULL, NULL),
(1466, 65, '', '', NULL, NULL),
(1467, 65, '', '', NULL, NULL),
(1468, 65, '', '', NULL, NULL),
(1469, 65, '', '', NULL, NULL),
(1470, 65, '', '', NULL, NULL),
(1471, 65, '', '', NULL, NULL),
(1472, 65, '', '', NULL, NULL),
(1473, 65, '', '', NULL, NULL),
(1474, 65, '', '', NULL, NULL),
(1475, 65, '', '', NULL, NULL),
(1476, 65, '', '', NULL, NULL),
(1477, 65, '', '', NULL, NULL),
(1478, 65, '', '', NULL, NULL),
(1479, 65, '', '', NULL, NULL),
(1480, 65, '', '', NULL, NULL),
(1481, 65, '', '', NULL, NULL),
(1482, 65, '', '', NULL, NULL),
(1483, 65, '', '', NULL, NULL),
(1484, 65, '', '', NULL, NULL),
(1485, 65, '', '', NULL, NULL),
(1486, 65, '', '', NULL, NULL),
(1487, 65, '', '', NULL, NULL),
(1488, 65, '', '', NULL, NULL),
(1489, 65, '', '', NULL, NULL),
(1490, 65, '', '', NULL, NULL),
(1491, 65, '', '', NULL, NULL),
(1492, 65, '', '', NULL, NULL),
(1493, 65, '', '', NULL, NULL),
(1494, 65, '', '', NULL, NULL),
(1495, 65, '', '', NULL, NULL),
(1496, 65, '', '', NULL, NULL),
(1497, 65, '', '', NULL, NULL),
(1498, 65, '', '', NULL, NULL),
(1499, 65, '', '', NULL, NULL),
(1500, 65, '', '', NULL, NULL),
(1501, 65, '', '', NULL, NULL),
(1502, 65, '', '', NULL, NULL),
(1503, 65, '', '', NULL, NULL),
(1504, 65, '', '', NULL, NULL),
(1505, 65, '', '', NULL, NULL),
(1506, 65, '', '', NULL, NULL),
(1507, 65, '', '', NULL, NULL),
(1508, 65, '', '', NULL, NULL),
(1509, 65, '', '', NULL, NULL),
(1510, 65, '', '', NULL, NULL),
(1511, 65, '', '', NULL, NULL),
(1512, 65, '', '', NULL, NULL),
(1513, 65, '', '', NULL, NULL),
(1514, 65, '', '', NULL, NULL),
(1515, 65, '', '', NULL, NULL),
(1516, 65, '', '', NULL, NULL),
(1517, 65, '', '', NULL, NULL),
(1518, 65, '', '', NULL, NULL),
(1519, 65, '', '', NULL, NULL),
(1520, 65, '', '', NULL, NULL),
(1521, 65, '', '', NULL, NULL),
(1522, 65, '', '', NULL, NULL),
(1523, 65, '', '', NULL, NULL),
(1524, 65, '', '', NULL, NULL),
(1525, 65, '', '', NULL, NULL),
(1526, 65, '', '', NULL, NULL),
(1527, 65, '', '', NULL, NULL),
(1528, 65, '', '', NULL, NULL),
(1529, 65, '', '', NULL, NULL),
(1530, 65, '', '', NULL, NULL),
(1531, 65, '', '', NULL, NULL),
(1532, 65, '', '', NULL, NULL),
(1533, 65, '', '', NULL, NULL),
(1534, 65, '', '', NULL, NULL),
(1535, 65, '', '', NULL, NULL),
(1536, 65, '', '', NULL, NULL),
(1537, 65, '', '', NULL, NULL),
(1538, 65, '', '', NULL, NULL),
(1539, 65, '', '', NULL, NULL),
(1540, 65, '', '', NULL, NULL),
(1541, 65, '', '', NULL, NULL),
(1542, 65, '', '', NULL, NULL),
(1543, 65, '', '', NULL, NULL),
(1544, 65, '', '', NULL, NULL),
(1545, 65, '', '', NULL, NULL),
(1546, 65, '', '', NULL, NULL),
(1547, 65, '', '', NULL, NULL),
(1548, 65, '', '', NULL, NULL),
(1549, 65, '', '', NULL, NULL),
(1550, 65, '', '', NULL, NULL),
(1551, 65, '', '', NULL, NULL),
(1552, 65, '', '', NULL, NULL),
(1553, 65, '', '', NULL, NULL),
(1554, 65, '', '', NULL, NULL),
(1555, 65, '', '', NULL, NULL),
(1556, 65, '', '', NULL, NULL),
(1557, 65, '', '', NULL, NULL),
(1558, 65, '', '', NULL, NULL),
(1559, 65, '', '', NULL, NULL),
(1560, 65, '', '', NULL, NULL),
(1561, 187, '', '', NULL, NULL),
(1562, 187, '', '', NULL, NULL),
(1563, 187, '', '', NULL, NULL),
(1564, 187, '', '', NULL, NULL),
(1565, 187, '', '', NULL, NULL),
(1566, 187, '', '', NULL, NULL),
(1567, 187, '', '', NULL, NULL),
(1568, 187, '', '', NULL, NULL),
(1569, 187, '', '', NULL, NULL),
(1570, 187, '', '', NULL, NULL),
(1571, 187, '', '', NULL, NULL),
(1572, 187, '', '', NULL, NULL),
(1573, 187, '', '', NULL, NULL),
(1574, 187, '', '', NULL, NULL),
(1575, 187, '', '', NULL, NULL),
(1576, 187, '', '', NULL, NULL),
(1577, 187, '', '', NULL, NULL),
(1578, 187, '', '', NULL, NULL),
(1579, 187, '', '', NULL, NULL),
(1580, 187, '', '', NULL, NULL),
(1581, 187, '', '', NULL, NULL),
(1582, 187, '', '', NULL, NULL),
(1583, 187, '', '', NULL, NULL),
(1584, 187, '', '', NULL, NULL),
(1585, 187, '', '', NULL, NULL),
(1586, 187, '', '', NULL, NULL),
(1587, 187, '', '', NULL, NULL),
(1588, 187, '', '', NULL, NULL),
(1589, 187, '', '', NULL, NULL),
(1590, 187, '', '', NULL, NULL),
(1591, 187, '', '', NULL, NULL),
(1592, 187, '', '', NULL, NULL),
(1593, 187, '', '', NULL, NULL),
(1594, 1, '', '', NULL, NULL),
(1595, 4, '', '', NULL, NULL),
(1596, 4, '', '', NULL, NULL),
(1597, 4, '', '', NULL, NULL),
(1598, 4, '', '', NULL, NULL),
(1599, 4, '', '', NULL, NULL),
(1600, 4, '', '', NULL, NULL),
(1601, 4, '', '', NULL, NULL),
(1602, 4, '', '', NULL, NULL),
(1603, 4, '', '', NULL, NULL),
(1604, 4, '', '', NULL, NULL),
(1605, 4, '', '', NULL, NULL),
(1606, 4, '', '', NULL, NULL),
(1607, 4, '', '', NULL, NULL),
(1608, 4, '', '', NULL, NULL),
(1609, 4, '', '', NULL, NULL),
(1610, 4, '', '', NULL, NULL),
(1611, 4, '', '', NULL, NULL),
(1612, 63, '', '', NULL, NULL),
(1613, 63, '', '', NULL, NULL),
(1614, 63, '', '', NULL, NULL),
(1615, 63, '', '', NULL, NULL),
(1616, 63, '', '', NULL, NULL),
(1617, 63, '', '', NULL, NULL),
(1618, 63, '', '', NULL, NULL),
(1619, 63, '', '', NULL, NULL),
(1620, 63, '', '', NULL, NULL),
(1621, 102, '', '', NULL, NULL),
(1622, 102, '', '', NULL, NULL),
(1623, 102, '', '', NULL, NULL),
(1624, 102, '', '', NULL, NULL),
(1625, 102, '', '', NULL, NULL),
(1626, 102, '', '', NULL, NULL),
(1627, 102, '', '', NULL, NULL),
(1628, 102, '', '', NULL, NULL),
(1629, 102, '', '', NULL, NULL),
(1630, 102, '', '', NULL, NULL),
(1631, 15, '', '', NULL, NULL),
(1632, 15, '', '', NULL, NULL),
(1633, 15, '', '', NULL, NULL),
(1634, 15, '', '', NULL, NULL),
(1635, 15, '', '', NULL, NULL),
(1636, 211, '', '', NULL, NULL),
(1637, 211, '', '', NULL, NULL),
(1638, 38, '', '', NULL, NULL),
(1639, 38, '', '', NULL, NULL),
(1640, 38, '', '', NULL, NULL),
(1641, 38, '', '', NULL, NULL),
(1642, 38, '', '', NULL, NULL),
(1643, 38, '', '', NULL, NULL),
(1644, 46, '', '', NULL, NULL),
(1645, 46, '', '', NULL, NULL),
(1646, 46, '', '', NULL, NULL),
(1647, 46, '', '', NULL, NULL),
(1648, 46, '', '', NULL, NULL),
(1649, 46, '', '', NULL, NULL),
(1650, 41, '', '', NULL, NULL);
INSERT INTO `manufacturer_plants` (`id`, `manufacturer_id`, `code`, `city`, `state`, `country`) VALUES
(1651, 41, '', '', NULL, NULL),
(1652, 41, '', '', NULL, NULL),
(1653, 41, '', '', NULL, NULL),
(1654, 41, '', '', NULL, NULL),
(1655, 41, '', '', NULL, NULL),
(1656, 41, '', '', NULL, NULL),
(1657, 41, '', '', NULL, NULL),
(1658, 41, '', '', NULL, NULL),
(1659, 41, '', '', NULL, NULL),
(1660, 41, '', '', NULL, NULL),
(1661, 41, '', '', NULL, NULL),
(1662, 41, '', '', NULL, NULL),
(1663, 41, '', '', NULL, NULL),
(1664, 41, '', '', NULL, NULL),
(1665, 117, '', '', NULL, NULL),
(1666, 117, '', '', NULL, NULL),
(1667, 68, '', '', NULL, NULL),
(1668, 68, '', '', NULL, NULL),
(1669, 68, '', '', NULL, NULL),
(1670, 157, '', '', NULL, NULL),
(1671, 157, '', '', NULL, NULL),
(1672, 157, '', '', NULL, NULL),
(1673, 157, '', '', NULL, NULL),
(1674, 157, '', '', NULL, NULL),
(1675, 157, '', '', NULL, NULL),
(1676, 6, '', '', NULL, NULL),
(1677, 6, '', '', NULL, NULL),
(1678, 6, '', '', NULL, NULL),
(1679, 6, '', '', NULL, NULL),
(1680, 6, '', '', NULL, NULL),
(1681, 6, '', '', NULL, NULL),
(1682, 6, '', '', NULL, NULL),
(1683, 6, '', '', NULL, NULL),
(1684, 6, '', '', NULL, NULL),
(1685, 6, '', '', NULL, NULL),
(1686, 8, '', '', NULL, NULL),
(1687, 8, '', '', NULL, NULL),
(1688, 8, '', '', NULL, NULL),
(1689, 8, '', '', NULL, NULL),
(1690, 8, '', '', NULL, NULL),
(1691, 8, '', '', NULL, NULL),
(1692, 8, '', '', NULL, NULL),
(1693, 8, '', '', NULL, NULL),
(1694, 8, '', '', NULL, NULL),
(1695, 8, '', '', NULL, NULL),
(1696, 8, '', '', NULL, NULL),
(1697, 8, '', '', NULL, NULL),
(1698, 8, '', '', NULL, NULL),
(1699, 8, '', '', NULL, NULL),
(1700, 8, '', '', NULL, NULL),
(1701, 8, '', '', NULL, NULL),
(1702, 8, '', '', NULL, NULL),
(1703, 8, '', '', NULL, NULL),
(1704, 8, '', '', NULL, NULL),
(1705, 8, '', '', NULL, NULL),
(1706, 8, '', '', NULL, NULL),
(1707, 8, '', '', NULL, NULL),
(1708, 33, '', '', NULL, NULL),
(1709, 33, '', '', NULL, NULL),
(1710, 33, '', '', NULL, NULL),
(1711, 34, '', '', NULL, NULL),
(1712, 34, '', '', NULL, NULL),
(1713, 34, '', '', NULL, NULL),
(1714, 34, '', '', NULL, NULL),
(1715, 34, '', '', NULL, NULL),
(1716, 34, '', '', NULL, NULL),
(1717, 25, '', '', NULL, NULL),
(1718, 25, '', '', NULL, NULL),
(1719, 25, '', '', NULL, NULL),
(1720, 25, '', '', NULL, NULL),
(1721, 25, '', '', NULL, NULL),
(1722, 25, '', '', NULL, NULL),
(1723, 25, '', '', NULL, NULL),
(1724, 25, '', '', NULL, NULL),
(1725, 25, '', '', NULL, NULL),
(1726, 25, '', '', NULL, NULL),
(1727, 25, '', '', NULL, NULL),
(1728, 25, '', '', NULL, NULL),
(1729, 25, '', '', NULL, NULL),
(1730, 25, '', '', NULL, NULL),
(1731, 25, '', '', NULL, NULL),
(1732, 25, '', '', NULL, NULL),
(1733, 25, '', '', NULL, NULL),
(1734, 25, '', '', NULL, NULL),
(1735, 25, '', '', NULL, NULL),
(1736, 25, '', '', NULL, NULL),
(1737, 25, '', '', NULL, NULL),
(1738, 25, '', '', NULL, NULL),
(1739, 25, '', '', NULL, NULL),
(1740, 25, '', '', NULL, NULL),
(1741, 25, '', '', NULL, NULL),
(1742, 25, '', '', NULL, NULL),
(1743, 25, '', '', NULL, NULL),
(1744, 25, '', '', NULL, NULL),
(1745, 25, '', '', NULL, NULL),
(1746, 25, '', '', NULL, NULL),
(1747, 25, '', '', NULL, NULL),
(1748, 25, '', '', NULL, NULL),
(1749, 25, '', '', NULL, NULL),
(1750, 25, '', '', NULL, NULL),
(1751, 25, '', '', NULL, NULL),
(1752, 25, '', '', NULL, NULL),
(1753, 25, '', '', NULL, NULL),
(1754, 25, '', '', NULL, NULL),
(1755, 25, '', '', NULL, NULL),
(1756, 25, '', '', NULL, NULL),
(1757, 25, '', '', NULL, NULL),
(1758, 25, '', '', NULL, NULL),
(1759, 25, '', '', NULL, NULL),
(1760, 25, '', '', NULL, NULL),
(1761, 25, '', '', NULL, NULL),
(1762, 25, '', '', NULL, NULL),
(1763, 25, '', '', NULL, NULL),
(1764, 25, '', '', NULL, NULL),
(1765, 25, '', '', NULL, NULL),
(1766, 25, '', '', NULL, NULL),
(1767, 25, '', '', NULL, NULL),
(1768, 25, '', '', NULL, NULL),
(1769, 25, '', '', NULL, NULL),
(1770, 25, '', '', NULL, NULL),
(1771, 25, '', '', NULL, NULL),
(1772, 25, '', '', NULL, NULL),
(1773, 25, '', '', NULL, NULL),
(1774, 25, '', '', NULL, NULL),
(1775, 25, '', '', NULL, NULL),
(1776, 25, '', '', NULL, NULL),
(1777, 25, '', '', NULL, NULL),
(1778, 25, '', '', NULL, NULL),
(1779, 25, '', '', NULL, NULL),
(1780, 25, '', '', NULL, NULL),
(1781, 25, '', '', NULL, NULL),
(1782, 25, '', '', NULL, NULL),
(1783, 25, '', '', NULL, NULL),
(1784, 25, '', '', NULL, NULL),
(1785, 25, '', '', NULL, NULL),
(1786, 25, '', '', NULL, NULL),
(1787, 25, '', '', NULL, NULL),
(1788, 25, '', '', NULL, NULL),
(1789, 25, '', '', NULL, NULL),
(1790, 25, '', '', NULL, NULL),
(1791, 25, '', '', NULL, NULL),
(1792, 25, '', '', NULL, NULL),
(1793, 25, '', '', NULL, NULL),
(1794, 25, '', '', NULL, NULL),
(1795, 25, '', '', NULL, NULL),
(1796, 25, '', '', NULL, NULL),
(1797, 25, '', '', NULL, NULL),
(1798, 7, '', '', NULL, NULL),
(1799, 7, '', '', NULL, NULL),
(1800, 7, '', '', NULL, NULL),
(1801, 7, '', '', NULL, NULL),
(1802, 7, '', '', NULL, NULL),
(1803, 7, '', '', NULL, NULL),
(1804, 7, '', '', NULL, NULL),
(1805, 7, '', '', NULL, NULL),
(1806, 7, '', '', NULL, NULL),
(1807, 7, '', '', NULL, NULL),
(1808, 7, '', '', NULL, NULL),
(1809, 7, '', '', NULL, NULL),
(1810, 7, '', '', NULL, NULL),
(1811, 7, '', '', NULL, NULL),
(1812, 7, '', '', NULL, NULL),
(1813, 7, '', '', NULL, NULL),
(1814, 7, '', '', NULL, NULL),
(1815, 7, '', '', NULL, NULL),
(1816, 7, '', '', NULL, NULL),
(1817, 7, '', '', NULL, NULL),
(1818, 7, '', '', NULL, NULL),
(1819, 7, '', '', NULL, NULL),
(1820, 7, '', '', NULL, NULL),
(1821, 7, '', '', NULL, NULL),
(1822, 7, '', '', NULL, NULL),
(1823, 7, '', '', NULL, NULL),
(1824, 48, '', '', NULL, NULL),
(1825, 48, '', '', NULL, NULL),
(1826, 48, '', '', NULL, NULL),
(1827, 48, '', '', NULL, NULL),
(1828, 48, '', '', NULL, NULL),
(1829, 48, '', '', NULL, NULL),
(1830, 48, '', '', NULL, NULL),
(1831, 48, '', '', NULL, NULL),
(1832, 48, '', '', NULL, NULL),
(1833, 48, '', '', NULL, NULL),
(1834, 48, '', '', NULL, NULL),
(1835, 48, '', '', NULL, NULL),
(1836, 48, '', '', NULL, NULL),
(1837, 48, '', '', NULL, NULL),
(1838, 48, '', '', NULL, NULL),
(1839, 48, '', '', NULL, NULL),
(1840, 35, '', '', NULL, NULL),
(1841, 35, '', '', NULL, NULL),
(1842, 35, '', '', NULL, NULL),
(1843, 35, '', '', NULL, NULL),
(1844, 35, '', '', NULL, NULL),
(1845, 35, '', '', NULL, NULL),
(1846, 35, '', '', NULL, NULL),
(1847, 35, '', '', NULL, NULL),
(1848, 35, '', '', NULL, NULL),
(1849, 35, '', '', NULL, NULL),
(1850, 35, '', '', NULL, NULL),
(1851, 54, '', '', NULL, NULL),
(1852, 54, '', '', NULL, NULL),
(1853, 111, '', '', NULL, NULL),
(1854, 111, '', '', NULL, NULL),
(1855, 111, '', '', NULL, NULL),
(1856, 111, '', '', NULL, NULL),
(1857, 111, '', '', NULL, NULL),
(1858, 111, '', '', NULL, NULL),
(1859, 111, '', '', NULL, NULL),
(1860, 111, '', '', NULL, NULL),
(1861, 111, '', '', NULL, NULL),
(1862, 111, '', '', NULL, NULL),
(1863, 29, '', '', NULL, NULL),
(1864, 29, '', '', NULL, NULL),
(1865, 29, '', '', NULL, NULL),
(1866, 29, '', '', NULL, NULL),
(1867, 29, '', '', NULL, NULL),
(1868, 29, '', '', NULL, NULL),
(1869, 29, '', '', NULL, NULL),
(1870, 29, '', '', NULL, NULL),
(1871, 29, '', '', NULL, NULL),
(1872, 29, '', '', NULL, NULL),
(1873, 29, '', '', NULL, NULL),
(1874, 29, '', '', NULL, NULL),
(1875, 29, '', '', NULL, NULL),
(1876, 29, '', '', NULL, NULL),
(1877, 29, '', '', NULL, NULL),
(1878, 29, '', '', NULL, NULL),
(1879, 29, '', '', NULL, NULL),
(1880, 29, '', '', NULL, NULL),
(1881, 29, '', '', NULL, NULL),
(1882, 29, '', '', NULL, NULL),
(1883, 29, '', '', NULL, NULL),
(1884, 29, '', '', NULL, NULL),
(1885, 29, '', '', NULL, NULL),
(1886, 29, '', '', NULL, NULL),
(1887, 29, '', '', NULL, NULL),
(1888, 29, '', '', NULL, NULL),
(1889, 29, '', '', NULL, NULL),
(1890, 29, '', '', NULL, NULL),
(1891, 29, '', '', NULL, NULL),
(1892, 29, '', '', NULL, NULL),
(1893, 29, '', '', NULL, NULL),
(1894, 29, '', '', NULL, NULL),
(1895, 29, '', '', NULL, NULL),
(1896, 29, '', '', NULL, NULL),
(1897, 29, '', '', NULL, NULL),
(1898, 29, '', '', NULL, NULL),
(1899, 29, '', '', NULL, NULL),
(1900, 29, '', '', NULL, NULL),
(1901, 29, '', '', NULL, NULL),
(1902, 29, '', '', NULL, NULL),
(1903, 29, '', '', NULL, NULL),
(1904, 29, '', '', NULL, NULL),
(1905, 29, '', '', NULL, NULL),
(1906, 29, '', '', NULL, NULL),
(1907, 29, '', '', NULL, NULL),
(1908, 29, '', '', NULL, NULL),
(1909, 29, '', '', NULL, NULL),
(1910, 29, '', '', NULL, NULL),
(1911, 29, '', '', NULL, NULL),
(1912, 29, '', '', NULL, NULL),
(1913, 29, '', '', NULL, NULL),
(1914, 29, '', '', NULL, NULL),
(1915, 29, '', '', NULL, NULL),
(1916, 29, '', '', NULL, NULL),
(1917, 29, '', '', NULL, NULL),
(1918, 29, '', '', NULL, NULL),
(1919, 29, '', '', NULL, NULL),
(1920, 29, '', '', NULL, NULL),
(1921, 29, '', '', NULL, NULL),
(1922, 29, '', '', NULL, NULL),
(1923, 29, '', '', NULL, NULL),
(1924, 29, '', '', NULL, NULL),
(1925, 29, '', '', NULL, NULL),
(1926, 29, '', '', NULL, NULL),
(1927, 29, '', '', NULL, NULL),
(1928, 29, '', '', NULL, NULL),
(1929, 29, '', '', NULL, NULL),
(1930, 29, '', '', NULL, NULL),
(1931, 29, '', '', NULL, NULL),
(1932, 29, '', '', NULL, NULL),
(1933, 29, '', '', NULL, NULL),
(1934, 29, '', '', NULL, NULL),
(1935, 29, '', '', NULL, NULL),
(1936, 29, '', '', NULL, NULL),
(1937, 29, '', '', NULL, NULL),
(1938, 29, '', '', NULL, NULL),
(1939, 29, '', '', NULL, NULL),
(1940, 29, '', '', NULL, NULL),
(1941, 29, '', '', NULL, NULL),
(1942, 29, '', '', NULL, NULL),
(1943, 29, '', '', NULL, NULL),
(1944, 29, '', '', NULL, NULL),
(1945, 29, '', '', NULL, NULL),
(1946, 29, '', '', NULL, NULL),
(1947, 29, '', '', NULL, NULL),
(1948, 29, '', '', NULL, NULL),
(1949, 29, '', '', NULL, NULL),
(1950, 29, '', '', NULL, NULL),
(1951, 29, '', '', NULL, NULL),
(1952, 29, '', '', NULL, NULL),
(1953, 29, '', '', NULL, NULL),
(1954, 29, '', '', NULL, NULL),
(1955, 29, '', '', NULL, NULL),
(1956, 29, '', '', NULL, NULL),
(1957, 29, '', '', NULL, NULL),
(1958, 79, '', '', NULL, NULL),
(1959, 157, '', '', NULL, NULL),
(1960, 48, '', '', NULL, NULL),
(1961, 44, '', '', NULL, NULL),
(1962, 47, '', '', NULL, NULL),
(1963, 157, '', '', NULL, NULL),
(1964, 67, '', '', NULL, NULL),
(1965, 65, '', '', NULL, NULL),
(1966, 157, '', '', NULL, NULL),
(1967, 19, '', '', NULL, NULL),
(1968, 47, '', '', NULL, NULL),
(1969, 38, '', '', NULL, NULL),
(1970, 16, '', '', NULL, NULL),
(1971, 6, '', '', NULL, NULL),
(1972, 51, '', '', NULL, NULL),
(1973, 98, '', '', NULL, NULL),
(1974, 48, '', '', NULL, NULL),
(1975, 6, '', '', NULL, NULL),
(1976, 54, '', '', NULL, NULL),
(1977, 67, '', '', NULL, NULL),
(1978, 8, '', '', NULL, NULL),
(1979, 85, '', '', NULL, NULL),
(1980, 3, '', '', NULL, NULL),
(1981, 79, '', '', NULL, NULL),
(1982, 47, '', '', NULL, NULL),
(1983, 98, '', '', NULL, NULL),
(1984, 45, '', '', NULL, NULL),
(1985, 67, '', '', NULL, NULL),
(1986, 102, '', '', NULL, NULL),
(1987, 60, '', '', NULL, NULL),
(1988, 18, '', '', NULL, NULL),
(1989, 157, '', '', NULL, NULL),
(1990, 65, '', '', NULL, NULL),
(1991, 60, '', '', NULL, NULL),
(1992, 98, '', '', NULL, NULL),
(1993, 157, '', '', NULL, NULL),
(1994, 41, '', '', NULL, NULL),
(1995, 102, '', '', NULL, NULL),
(1996, 187, '', '', NULL, NULL),
(1997, 102, '', '', NULL, NULL),
(1998, 102, '', '', NULL, NULL),
(1999, 158, '', '', NULL, NULL),
(2000, 53, '', '', NULL, NULL),
(2001, 53, '', '', NULL, NULL),
(2002, 158, '', '', NULL, NULL),
(2003, 51, '', '', NULL, NULL),
(2004, 25, '', '', NULL, NULL),
(2005, 102, '', '', NULL, NULL),
(2006, 18, '', '', NULL, NULL),
(2007, 37, '', '', NULL, NULL),
(2008, 53, '', '', NULL, NULL),
(2009, 37, '', '', NULL, NULL),
(2010, 16, '', '', NULL, NULL),
(2011, 102, '', '', NULL, NULL),
(2012, 98, '', '', NULL, NULL),
(2013, 25, '', '', NULL, NULL),
(2014, 52, '', '', NULL, NULL),
(2015, 187, '', '', NULL, NULL),
(2016, 47, '', '', NULL, NULL),
(2017, 87, '', '', NULL, NULL),
(2018, 18, '', '', NULL, NULL),
(2019, 102, '', '', NULL, NULL),
(2020, 98, '', '', NULL, NULL),
(2021, 102, '', '', NULL, NULL),
(2022, 98, '', '', NULL, NULL),
(2023, 37, '', '', NULL, NULL),
(2024, 29, '', '', NULL, NULL),
(2025, 47, '', '', NULL, NULL),
(2026, 18, '', '', NULL, NULL),
(2027, 6, '', '', NULL, NULL),
(2028, 52, '', '', NULL, NULL),
(2029, 9, '', '', NULL, NULL),
(2030, 102, '', '', NULL, NULL),
(2031, 37, '', '', NULL, NULL),
(2032, 37, '', '', NULL, NULL),
(2033, 9, '', '', NULL, NULL),
(2034, 35, '', '', NULL, NULL),
(2035, 22, '', '', NULL, NULL),
(2036, 32, '', '', NULL, NULL),
(2037, 16, '', '', NULL, NULL),
(2038, 48, '', '', NULL, NULL),
(2039, 48, '', '', NULL, NULL),
(2040, 51, '', '', NULL, NULL),
(2041, 37, '', '', NULL, NULL),
(2042, 36, '', '', NULL, NULL),
(2043, 98, '', '', NULL, NULL),
(2044, 37, '', '', NULL, NULL),
(2045, 29, '', '', NULL, NULL),
(2046, 79, '', '', NULL, NULL),
(2047, 79, '', '', NULL, NULL),
(2048, 25, '', '', NULL, NULL),
(2049, 47, '', '', NULL, NULL),
(2050, 29, '', '', NULL, NULL),
(2051, 18, '', '', NULL, NULL),
(2052, 212, 'OU', '', NULL, NULL),
(2053, 212, '', '', NULL, NULL),
(2054, 32, '', '', NULL, NULL),
(2055, 37, '', '', NULL, NULL),
(2056, 38, '', '', NULL, NULL),
(2057, 48, '', '', NULL, NULL),
(2058, 65, '', '', NULL, NULL),
(2059, 22, '', '', NULL, NULL),
(2060, 62, '', '', NULL, NULL),
(2061, 32, '', '', NULL, NULL),
(2062, 187, '', '', NULL, NULL),
(2063, 65, '', '', NULL, NULL),
(2064, 25, '', '', NULL, NULL),
(2065, 67, '', '', NULL, NULL),
(2066, 158, '', '', NULL, NULL),
(2067, 212, '', '', NULL, NULL),
(2068, 98, '', '', NULL, NULL),
(2069, 51, '', '', NULL, NULL),
(2070, 212, '', '', NULL, NULL),
(2071, 8, '', '', NULL, NULL),
(2072, 18, '', '', NULL, NULL),
(2073, 18, '', '', NULL, NULL),
(2074, 98, '', '', NULL, NULL),
(2075, 35, '', '', NULL, NULL),
(2076, 45, '', '', NULL, NULL),
(2077, 7, '', '', NULL, NULL),
(2078, 29, '', '', NULL, NULL),
(2079, 45, '', '', NULL, NULL),
(2080, 79, '', '', NULL, NULL),
(2081, 37, '', '', NULL, NULL),
(2082, 18, '', '', NULL, NULL),
(2083, 38, '', '', NULL, NULL),
(2084, 37, '', '', NULL, NULL),
(2085, 98, '', '', NULL, NULL),
(2086, 85, '', '', NULL, NULL),
(2087, 32, '', '', NULL, NULL),
(2088, 32, '', '', NULL, NULL),
(2089, 35, '', '', NULL, NULL),
(2090, 29, '', '', NULL, NULL),
(2091, 158, '', '', NULL, NULL),
(2092, 32, '', '', NULL, NULL),
(2093, 67, '', '', NULL, NULL),
(2094, 45, '', '', NULL, NULL),
(2095, 54, '', '', NULL, NULL),
(2096, 67, '', '', NULL, NULL),
(2097, 18, '', '', NULL, NULL),
(2098, 25, '', '', NULL, NULL),
(2099, 18, '', '', NULL, NULL),
(2100, 38, '', '', NULL, NULL),
(2101, 22, '', '', NULL, NULL),
(2102, 65, '', '', NULL, NULL),
(2103, 48, '', '', NULL, NULL),
(2104, 186, '', '', NULL, NULL),
(2105, 22, '', '', NULL, NULL),
(2106, 47, '', '', NULL, NULL),
(2107, 38, '', '', NULL, NULL),
(2108, 65, '', '', NULL, NULL),
(2109, 79, '', '', NULL, NULL),
(2110, 79, '', '', NULL, NULL),
(2111, 98, '', '', NULL, NULL),
(2112, 32, '', '', NULL, NULL),
(2113, 157, '', '', NULL, NULL),
(2114, 32, '53', '', NULL, NULL),
(2115, 19, '5T', '', NULL, NULL),
(2116, 51, 'HW', '', NULL, NULL),
(2117, 67, '', '', NULL, NULL),
(2118, 35, '', '', NULL, NULL),
(2119, 79, '', '', NULL, NULL),
(2120, 45, '', '', NULL, NULL),
(2121, 1, 'MP', 'Example Village', 'Awesome state', NULL),
(2122, 5, 'AB', '', NULL, NULL),
(2123, 7, 'O4', '', NULL, NULL);



--
-- Dumping data for table `material_types`
--

INSERT INTO `material_types` (`id`, `name`) VALUES
(1, 'Tread'),
(2, 'Patch'),
(3, 'Cushion');

--
-- Dumping data for table `nrt_codes`
--

INSERT INTO `nrt_codes` (`id`, `abbr`, `nrt_code_category_id`, `name`, `description`) VALUES
(1, '', 1, 'EXCESSIVE RUST', ''),
(2, '', 1, 'BEAD DAMAGE (HEAT/WHEELS)', ''),
(3, '', 1, 'BEAD DAMAGE (IMPROPER MOUNTING)', ''),
(4, '', 1, 'CONTAMINATION-PETROLEUM/CHEMICAL', ''),
(5, '', 1, 'IMPACT BREAK', ''),
(6, '', 1, 'RUN FLAT/UNDERINFLATED', ''),
(7, '', 1, 'INJURIES-TOO CLOSE TO BEAD', ''),
(8, '', 1, 'INJURIES-TOO CLOSE TOGETHER', ''),
(9, '', 1, 'INJURIES-TOO MANY MAJOR', ''),
(10, '', 1, 'INJURIES-TOO LARGE', ''),
(11, '', 1, 'BRAKE SKID', ''),
(12, '', 1, 'SIDEWALL CUT/SNAG', ''),
(13, '', 1, 'VEHICLE/MECHANICAL DAMAGE', ''),
(14, '', 1, 'WORN TOO FAR/IRREGULAR WEAR', ''),
(15, '', 1, 'CROWN PUNCTURE/CUT', ''),
(16, '', 1, 'EXCESSIVE SIDEWALL DAMAGE', ''),
(17, '', 1, 'CUSTOMER ROAD REPAIR FAILURE', ''),
(18, '', 1, 'TOO MANY REPAIRS NEEDED', ''),
(19, '', 1, 'BEAD TURN-UP CRACKING/SPLITTING', ''),
(20, '', 1, 'BELT SEPARATION (RADIAL ONLY)', ''),
(21, '', 1, 'SHOULDER SEPARATION', ''),
(22, '', 1, 'SIDEWALL SEPARATION', ''),
(23, '', 1, 'LINER SEPARATION/CRACKING/POROSITY', ''),
(24, '', 1, 'BEAD SEPARATION', ''),
(25, '', 1, 'CRACKING-OZONE/WEATHER', ''),
(26, '', 1, 'LINER DEFECT', ''),
(27, '', 1, 'PULLED CABLE', ''),
(28, '', 1, 'AGE CONDITION/EXCEEDS SPECIFICATION', ''),
(29, '', 1, 'ZIPPER', ''),
(30, '', 1, 'DESIRED TREAD DESGN/CASING MISMATCH', ''),
(31, '', 1, 'RETURN FOR CASING WARRANTY', ''),
(32, '', 1, 'SUPPORT DURING CURE &amp; IMP BEAD REP', ''),
(33, '', 1, 'SIDWALL BULGE AT REPAIR', ''),
(34, '', 1, 'REPAIR FAILURE-IMPROPER SIZE/TYPE', ''),
(35, '', 1, 'REPAIR FAILURE-PLACEMENT/ALIGNMENT', ''),
(36, '', 1, 'REPAIR FAILURE-INJURY PREP/REMOVAL', ''),
(37, '', 1, 'REPAIR FAILURE-CRACKED/LOOSE PATCH', ''),
(38, '', 1, 'REPAIR FAILURE-LINER PREPARATION', ''),
(39, '', 1, 'REPAIR FAILURE-IMPROPER BEAD REPAIR', ''),
(40, '', 1, 'NEEDS SIDEWALL SECTION', ''),
(41, '', 1, 'LOW SHOULDER', ''),
(42, '', 1, 'LAMINATION', ''),
(43, '', 1, 'SECTION REPAIR NEEDED', ''),
(44, '', 1, 'THIN LINER', ''),
(45, '', 1, 'MISSED PUNCTURE', ''),
(46, '', 1, 'CURE PRESSURE', ''),
(47, '', 1, 'OPEN TREAD SPLICE', ''),
(48, '', 1, 'IMPROPER TREAD DESIGN', ''),
(49, '', 1, 'IMPROPER TREAD SIZE', ''),
(50, '', 1, 'REINFORCEMENT NEEDED', ''),
(51, '', 1, 'MISSED SEPARATION', ''),
(52, '', 1, 'IMPROPER SHOULDER TRIM', ''),
(53, '', 1, 'EXCESSIVE TREAD RUN-OUT', ''),
(54, '', 1, 'TREAD LIFT', ''),
(55, '', 1, 'UNDERCURE', ''),
(56, '', 1, 'NO VISIBLE PROBLEM', ''),
(57, 'ADJ', 1, 'POSSIBLE ADJUSTMENT', ''),
(58, 'BD1', 1, 'BEAD CUTS OR CRACKS', ''),
(59, 'BD2', 1, 'BROKEN BEADS', ''),
(60, 'BD3', 1, 'OTH COND-BEAD SPCFY', ''),
(61, 'BD4', 1, 'KINKED BEAD', ''),
(62, 'LN3', 1, 'LINER SEPARATION', ''),
(63, 'LR1', 1, 'LINER CRACKS', ''),
(64, 'LR2', 1, 'LINER SPLICE', ''),
(65, 'LR4', 1, 'OTH COND-LINER SPCFY', ''),
(66, 'OA1', 1, 'OVER AGE LIMITS', ''),
(67, 'RE1', 1, 'TOO MANY NAIL HOLES', ''),
(68, 'RE2', 1, 'TOO LARGE SECT AREA', ''),
(69, 'RE3', 1, 'CUST REFUSED SEC RPR', ''),
(70, 'RE4', 1, 'REPAIR FAILURE', ''),
(71, 'RE5', 1, 'OTHER RPR COND-SPCFY', ''),
(72, 'SH1', 1, 'SHOULDER BREAK', ''),
(73, 'SH2', 1, 'SHOULDER SEPARATION', ''),
(74, 'SH3', 1, 'OTH COND-SHLDR SPCFY', ''),
(75, 'SW1', 1, 'SIDEWALL FATIGUE', ''),
(76, 'SW2', 1, 'SIDEWALL CUT', ''),
(77, 'SW3', 1, 'SIDEWALL HOLE', ''),
(78, 'SW4', 1, 'SIDEWALL SEPARATION', ''),
(79, 'SW5', 1, 'SIDEWALL CRACKING', ''),
(80, 'SW6', 1, 'SIDEWALL IMPACT BRK', ''),
(81, 'SW7', 1, 'OTH COND-S/WALL SPFY', ''),
(82, 'TA5', 1, 'OTH COND-TREAD-SPCFY', ''),
(83, 'TR1', 1, 'EXPOSED BELTS', ''),
(84, 'TR2', 1, 'EXCESSIVE REGROOVE', ''),
(85, 'TR3', 1, 'EXCESSIVE WEAR', ''),
(86, 'TR4', 1, 'TREAD SEPARATION', ''),
(87, 'TR5', 1, 'OTH COND-TREAD SPCFY', ''),
(88, 'TR6', 1, 'TREAD IMPACT BREAK', ''),
(89, '', 1, 'UNDERCURE', ''),
(90, '', 1, 'WRONG TREAD DESIGN', ''),
(91, '', 1, 'WRONG TREAD WIDTH', ''),
(92, '', 1, 'OPEN SPLICE', ''),
(93, '', 1, 'CROOKED TREAD', ''),
(94, '', 1, 'OFF CENTER TREAD', ''),
(95, '', 1, 'MISSED BEAD REPAIR', ''),
(96, '', 1, 'SEPARATION DURING CURE', ''),
(97, '', 1, 'MISSED REINFORCEMENT REPAIR', ''),
(98, '', 1, 'MISSED SECTION REPAIR', ''),
(99, '', 1, 'MISSED NAIL HOLE - MARKED', ''),
(100, '', 1, 'MISSED NAIL HOLE - NOT MARKED', ''),
(101, '', 1, 'DEFECTIVE NAIL HOLE REPAIR', ''),
(102, '', 1, 'DEFECTIVE SPOT REPAIR', ''),
(103, '', 1, 'DEFECTIVE SECTION REPAIR', ''),
(104, '', 1, 'DEFECTIVE BEAD REPAIR', ''),
(105, '', 1, 'MISSED LINER REPAIR', ''),
(106, '', 1, 'HOLE IN ENVELOPE', ''),
(107, '', 1, 'OTHER', ''),
(108, '', 1, 'OPEN SPLICE', ''),
(109, '', 1, 'MISSED BEAD REPAIR', ''),
(110, '', 1, 'MISSED SKIVE', ''),
(111, '', 1, 'MISSED SKIVE FILL', ''),
(112, '', 1, 'MISSED REINFORCEMENT', ''),
(113, '', 1, 'MISSED SECTION REPAIR', ''),
(114, '', 1, 'MISSED NAIL HOLE REPAIR', ''),
(115, '', 1, 'MISSED SPOT', ''),
(116, '', 1, 'DEFECTIVE NAIL HOLE REPAIR', ''),
(117, '', 1, 'DEFECTIVE SPOT REPAIR', ''),
(118, '', 1, 'DEFECTIVE SECTION REPAIR', ''),
(119, '', 1, 'DEFECTIVE BEAD REPAIR', ''),
(120, '', 1, 'NO DOT TAG', ''),
(121, '', 1, 'PRIOR REPAIR-NAIL HOLE', ''),
(122, '', 1, 'PRIOR REPAIR FAILURE-SPOT', ''),
(123, '', 1, 'PRIOR REPAIR FAILURE-SECTION', ''),
(124, '', 1, 'MISSED LINER REPAIR', ''),
(125, '', 1, 'OTHER', ''),
(126, 'RE6', 1, 'NAIL HOLE/CUT SEP', ''),
(127, '', 1, 'EXCESSIVE RUST', ''),
(128, '', 1, 'BEAD DAMAGE', ''),
(129, '', 1, 'BEAD DAMAGE (IMPROPER MOUNTING)', ''),
(130, '', 1, 'CONTAMINATION-PETROLEUM/CHEMICAL', ''),
(131, '', 1, 'IMPACT BREAK', ''),
(132, '', 1, 'RUN FLAT/UNDERINFLATED', ''),
(133, '', 1, 'INJURIES-TOO CLOSE TO BEAD', ''),
(134, '', 1, 'INJURIES-TOO CLOSE TOGETHER', ''),
(135, '', 1, 'BRAKE SKID', ''),
(136, '', 1, 'SIDEWALL CUT/SNAG', ''),
(137, '', 1, 'WORN TOO FAR/IRREGULAR WEAR', ''),
(138, '', 1, 'VEHICLE/MECHANICAL DAMAGE', ''),
(139, '', 1, 'CROWN PUNCTURE/CUT', ''),
(140, '', 1, 'EXCESSIVE SIDEWALL DAMAGE', ''),
(141, '', 1, 'CUSTOMER ROAD REPAIR FAILURE', ''),
(142, '', 1, 'BEAD TURN-UP CRACKING/SPLITTING', ''),
(143, '', 1, 'BELT SEPARATION (RADIAL ONLY)', ''),
(144, '', 1, 'SHOULDER SEPARATION', ''),
(145, '', 1, 'SIDEWALL SEPARATION', ''),
(146, '', 1, 'LINER SEPARATION/CRACKING/POROSITY', ''),
(147, '', 1, 'BEAD SEPARATION/SPLITTING', ''),
(148, '', 1, 'CRACKING-OZONE/WEATHER', ''),
(149, '', 1, 'PULLED CABLE', ''),
(150, '', 1, 'ZIPPER', ''),
(151, '', 1, 'DESIRED TREAD DESGN/CASING MISMATCH', ''),
(152, '', 1, 'SUPPORT DURING CURE &amp; IMP BEAD REP', ''),
(153, '', 1, 'SHOULDER CHUNKING', ''),
(154, '', 1, 'REPAIR FAILURE-IMPROPER SIZE/TYPE', ''),
(155, '', 1, 'REPAIR FAILURE-PLACEMENT/ALIGNMENT', ''),
(156, '', 1, 'REPAIR FAILURE-CRACKED/LOOSE PATCH', ''),
(157, '', 1, 'REPAIR FAILURE-LINER PREPARATION', ''),
(158, '', 1, 'REPAIR FAILURE-SUPPORT DURING CURE', ''),
(159, '', 1, 'SIDEWALL BULGE AT REPAIR', ''),
(160, '', 1, 'MISSED PUNCTURE', ''),
(161, '', 1, 'CURE PRESSURE', ''),
(162, '', 1, 'OPEN TREAD SPLICE', ''),
(163, '', 1, 'MISSED SEPARATION', ''),
(164, '', 1, 'IMPROPER SHOULDER TRIM', ''),
(165, '', 1, 'TREAD LIFT', ''),
(166, '', 1, 'UNDERCURE', ''),
(167, '', 1, 'BUCKLE', ''),
(168, '', 1, 'TREAD SEPARATION', ''),
(169, '', 1, 'SMALL VENTS', ''),
(170, '', 1, 'SMALL VENTS ON SHOULDER', ''),
(171, '', 1, 'NON FILL ON TREAD', ''),
(172, '', 1, 'LINER SEPARATION', ''),
(173, '', 1, 'REAPIR FAILURE CRACKED OR LOOSE REP', ''),
(174, '', 1, 'REPAIR CAME LOOSE', ''),
(175, '', 1, 'OLD REPAIR BLISTERED', ''),
(176, '', 1, 'BLOWN TUBE OR BLADDER', ''),
(177, '', 1, 'AIR HOSE LEFT OFF', ''),
(178, '', 1, 'GAS BUBBLES IN RUBBER', ''),
(179, '', 1, 'NOT OUR RETREAD(RETURN TO CUSTOMER)', ''),
(180, '', 1, 'NOT OUR RETREAD', ''),
(181, '', 1, 'BUCKLED', ''),
(182, '', 1, 'BUCKLED', ''),
(183, '', 1, 'SHOULDER/TREAD CHUNKING', ''),
(184, '', 1, 'BELT SEPARATION', ''),
(185, '', 1, 'TREAD LIFT', ''),
(186, '', 1, 'BEAD DAMAGE', ''),
(187, '', 1, 'POROSITY AT BUFF LINE', ''),
(188, '', 1, 'NO VISIBLE PROBLEM', ''),
(189, '', 1, 'TEST TIRE', ''),
(190, '', 1, 'MISSED PUNCTURE', ''),
(191, '', 1, 'SHOULDER LIFT (CIMA)', ''),
(192, '', 1, 'SHOULDER LIFT (CIMA)', ''),
(193, '', 1, 'BULGE TOO LARGE', ''),
(194, '', 1, 'OLD RETREAD CAUSED PEEL', ''),
(195, '', 1, 'OLD RETREAD CAUSED PEEL', ''),
(196, '', 1, 'LAMINATION/AIR POCKET', ''),
(197, '', 1, 'LAMINATION/AIR POCKET', ''),
(198, '', 1, 'WRONG MOLD', ''),
(199, '', 1, 'WRONG MOLD', ''),
(200, '', 1, 'IMPROPER SKIVE', ''),
(201, '', 1, 'IMPROPER SKIVE', ''),
(202, '', 1, 'SHOULDER TRIM EDGE LIFT', ''),
(203, '', 1, 'LINER BLISTER(BUBBLE)', ''),
(204, '', 1, 'CUT IN SIDEWALL/SNAG', ''),
(205, 'BK', 1, 'BUCKLE', ''),
(206, 'BK', 1, 'BUCKLE', ''),
(207, '', 1, 'LOW AIR PRESSURE', ''),
(208, '', 1, 'WE DO NOT RETREAD THIS SIZE', ''),
(209, '', 1, 'EXCESSIVE TREAD RUN OUT', ''),
(210, '', 1, 'SHOULDER CRACKING (TORQUE CRACK)', ''),
(211, '', 1, 'LINES ON TIRE', ''),
(212, '', 1, 'BUCKLE', ''),
(213, '', 1, 'MECHANICAL PROBLEM', ''),
(214, '', 1, 'GROOVED TOO DEEP', ''),
(215, '', 1, 'SPUN', ''),
(216, '', 1, 'SPUN', ''),
(217, '', 1, 'SPUN', ''),
(218, '', 1, 'GROOVED TOO DEEP', ''),
(219, '', 1, 'EXCESSIVE RUST', ''),
(220, '', 1, 'BEAD DAMAGE (HEAT/WHEELS)', ''),
(221, '', 1, 'BEAD DAMAGE (IMPROPER MOUNTING)', ''),
(222, '', 1, 'CONTAMINATION-PETROLEUM/CHEMICAL', ''),
(223, '', 1, 'IMPACT BREAK', ''),
(224, '', 1, 'RUN FLAT/UNDERINFLATED', ''),
(225, '', 1, 'INJURIES-TOO CLOSE TO BEAD', ''),
(226, '', 1, 'INJURIES-TOO CLOSE TOGETHER', ''),
(227, '', 1, 'INJURIES-TOO MANY MAJOR', ''),
(228, '', 1, 'INJURIES-TOO LARGE', ''),
(229, '', 1, 'BRAKE SKID', ''),
(230, '', 1, 'SIDEWALL CUT/SNAG', ''),
(231, '', 1, 'VEHICLE/MECHANICAL DAMAGE', ''),
(232, '', 1, 'WORN TOO FAR/IRREGULAR WEAR', ''),
(233, '', 1, 'CROWN PUNCTURE/CUT', ''),
(234, '', 1, 'EXCESSIVE SIDEWALL DAMAGE', ''),
(235, '', 1, 'CUSTOMER ROAD REPAIR FAILURE', ''),
(236, '', 1, 'TOO MANY REPAIRS NEEDED', ''),
(237, '', 1, 'BEAD TURN-UP CRACKING/SPLITTING', ''),
(238, '', 1, 'BELT SEPARATION (RADIAL ONLY)', ''),
(239, '', 1, 'SHOULDER SEPARATION', ''),
(240, '', 1, 'SIDEWALL SEPARATION', ''),
(241, '', 1, 'LINER SEPARATION/CRACKING/POROSITY', ''),
(242, '', 1, 'BEAD SEPARATION', ''),
(243, '', 1, 'CRACKING-OZONE/WEATHER', ''),
(244, '', 1, 'LINER DEFECT', ''),
(245, '', 1, 'PULLED CABLE', ''),
(246, '', 1, 'AGE CONDITION/EXCEEDS SPECIFICATION', ''),
(247, '', 1, 'ZIPPER', ''),
(248, '', 1, 'DESIRED TREAD DESGN/CASING MISMATCH', ''),
(249, '', 1, 'RETURN FOR CASING WARRANTY', ''),
(250, '', 1, 'SUPPORT DURING CURE &amp; IMP BEAD REP', ''),
(251, '', 1, 'SIDWALL BULGE AT REPAIR', ''),
(252, '', 1, 'REPAIR FAILURE-IMPROPER SIZE/TYPE', ''),
(253, '', 1, 'REPAIR FAILURE-PLACEMENT/ALIGNMENT', ''),
(254, '', 1, 'REPAIR FAILURE-INJURY PREP/REMOVAL', ''),
(255, '', 1, 'REPAIR FAILURE-CRACKED/LOOSE PATCH', ''),
(256, '', 1, 'REPAIR FAILURE-LINER PREPARATION', ''),
(257, '', 1, 'REPAIR FAILURE-SUPPORT DURING CURE', ''),
(258, '', 1, 'REPAIR FAILURE-IMPROPER BEAD REPAIR', ''),
(259, '', 1, 'SECTION REPAIR NEEDED', ''),
(260, '', 1, 'THIN LINER', ''),
(261, '', 1, 'MISSED PUNCTURE', ''),
(262, '', 1, 'CURE PRESSURE', ''),
(263, '', 1, 'OPEN TREAD SPLICE', ''),
(264, '', 1, 'IMPROPER TREAD DESIGN', ''),
(265, '', 1, 'IMPROPER TREAD SIZE', ''),
(266, '', 1, 'REINFORCEMENT NEEDED', ''),
(267, '', 1, 'MISSED SEPARATION', ''),
(268, '', 1, 'IMPROPER SHOULDER TRIM', ''),
(269, '', 1, 'EXCESSIVE TREAD RUN-OUT', ''),
(270, '', 1, 'TREAD LIFT', ''),
(271, '', 1, 'LOW SHOULDER', ''),
(272, '', 1, 'LAMINATION', ''),
(273, '', 1, 'UNDERCURE', ''),
(274, '', 1, 'WE DO NOT RETREAD THIS SIZE', ''),
(275, '', 1, 'BUCKLE', ''),
(276, '', 1, 'SPUN', ''),
(277, '', 1, 'GROOVED TOO DEEP', ''),
(278, '', 1, 'NOT OUR RETREAD(RETURN TO CUSTOMER)', ''),
(279, '', 1, 'NO VISIBLE PROBLEM', ''),
(280, '', 1, 'UNDERCURED', ''),
(281, '', 1, 'TOO MANY RETREADS', ''),
(282, '', 1, 'TOO NARROW', ''),
(283, '', 1, 'TOO BIG RETURN', ''),
(284, '', 1, 'BENT BEAD', ''),
(285, '', 1, 'ROCK DRILL', ''),
(286, '', 1, 'ROCK DRILL', ''),
(287, '', 1, 'TREAD CHIPPING', ''),
(288, '', 1, 'TREAD CHIPPING', ''),
(289, '', 1, 'TOO SMALL', ''),
(290, '', 1, 'NOT BUYING CHINESE', ''),
(291, '', 1, 'NOT BUYING', ''),
(292, '', 1, 'JUMPED CURB', ''),
(293, '', 1, 'JUMPED CURB', '');

--
-- Dumping data for table `nrt_code_categories`
--

INSERT INTO `nrt_code_categories` (`id`, `name`) VALUES
(1, 'reject'),
(2, 'rerun'),
(3, 'rework'),
(4, 'adj'),
(5, 'removal'),
(6, 'envelope');

--
-- Dumping data for table `patch_locations`
--

INSERT INTO `patch_locations` (`id`, `name`) VALUES
(1, 'Bead'),
(2, 'Crown'),
(3, 'Large Crown'),
(4, 'Shoulder'),
(5, 'Sidewall'),
(6, 'Spot');

--
-- Dumping data for table `pdfs`
--

INSERT INTO `pdfs` (`id`, `name`, `type`, `view`) VALUES
(1, 'Label', 'pass', 'passed'),
(2, 'Label', 'nrt', 'fail');

INSERT INTO `repair_types` (`id`, `name`) VALUES
(1, 'Nail Hole'),
(2, 'Section'),
(3, 'Spot');

--
-- Dumping data for table `retread_methods`
--

INSERT INTO `retread_methods` (`id`, `name`) VALUES
(1, 'Precure'),
(2, 'Mold'),
(3, 'Unicure');


--
-- Dumping data for table `tire_sizes`
--

INSERT INTO `tire_sizes` (`id`, `size_code`, `tread_width_id`, `aspect_ratio`, `diameter`, `name`, `buffed_circumference`) VALUES
(1, 1, NULL, NULL, NULL, 'REPAIR', 0.000),
(2, 4, NULL, NULL, NULL, '30585225', 132.000),
(3, 5, NULL, NULL, NULL, '14L16.1', 0.000),
(4, 6, NULL, NULL, NULL, 'AR70-13', 0.000),
(5, 7, NULL, NULL, NULL, 'BR70-13', 0.000),
(6, 11, NULL, NULL, NULL, 'CR78-13', 0.000),
(7, 12, NULL, NULL, NULL, 'DR78-13', 0.000),
(8, 16, NULL, NULL, NULL, 'BR78-14', 0.000),
(9, 17, NULL, NULL, NULL, 'CR78-14', 0.000),
(10, 19, NULL, NULL, NULL, 'DR78-14', 0.000),
(11, 20, NULL, NULL, NULL, '18X7X8', 56.000),
(12, 21, NULL, NULL, NULL, '7.50-8', 97.000),
(13, 22, NULL, NULL, NULL, '215/50R13', 0.000),
(14, 23, NULL, NULL, NULL, '235/50R13', 0.000),
(15, 24, NULL, NULL, NULL, '245/50R13', 0.000),
(16, 25, NULL, NULL, NULL, '6.90-9', 66.000),
(17, 26, NULL, NULL, NULL, 'AR60-13', 0.000),
(18, 27, NULL, NULL, NULL, 'BR60-13', 0.000),
(19, 28, NULL, NULL, NULL, '165/70R12', 0.000),
(20, 29, NULL, NULL, NULL, 'BR50-13', 0.000),
(21, 30, NULL, NULL, NULL, '20.5X8.0-10', 63.000),
(22, 31, NULL, NULL, NULL, '6.50-10', 72.000),
(23, 33, NULL, NULL, NULL, '145/80R12', 0.000),
(24, 34, NULL, NULL, NULL, '155/80R12', 0.000),
(25, 35, NULL, NULL, NULL, '195R13', 0.000),
(26, 36, NULL, NULL, NULL, '165/65R13', 127.000),
(27, 37, NULL, NULL, NULL, '195/65R13', 0.000),
(28, 38, NULL, NULL, NULL, '175R13', 0.000),
(29, 39, NULL, NULL, NULL, '184-34', 0.000),
(30, 40, NULL, NULL, NULL, '7.00R12', 83.000),
(31, 41, NULL, NULL, NULL, '235/60R13', 0.000),
(32, 42, NULL, NULL, NULL, '155R13', 0.000),
(33, 43, NULL, NULL, NULL, '165R13', 0.000),
(34, 44, NULL, NULL, NULL, '205/60R13', 0.000),
(35, 45, NULL, NULL, NULL, '215/60R13', 0.000),
(36, 46, NULL, NULL, NULL, 'AR78-13', 0.000),
(37, 47, NULL, NULL, NULL, 'BR78-13', 0.000),
(38, 48, NULL, NULL, NULL, '185/60R13', 0.000),
(39, 49, NULL, NULL, NULL, '195/60R13', 0.000),
(40, 50, NULL, NULL, NULL, '175/70R13', 0.000),
(41, 51, NULL, NULL, NULL, '145/80R13', 0.000),
(42, 52, NULL, NULL, NULL, '195/70R13', 0.000),
(43, 53, NULL, NULL, NULL, '205/70R13', 0.000),
(44, 54, NULL, NULL, NULL, '155/70R13', 0.000),
(45, 55, NULL, NULL, NULL, '165/70R13', 0.000),
(46, 56, NULL, NULL, NULL, '208R38', 0.000),
(47, 57, NULL, NULL, NULL, '185/70R13', 0.000),
(48, 58, NULL, NULL, NULL, '165/75R13', 0.000),
(49, 59, NULL, NULL, NULL, '175/75R13', 0.000),
(50, 60, NULL, NULL, NULL, '155/80R13', 0.000),
(51, 61, NULL, NULL, NULL, '165/80R13', 0.000),
(52, 62, NULL, NULL, NULL, '175/80R13', 0.000),
(53, 63, NULL, NULL, NULL, '185/80R13', 0.000),
(54, 64, NULL, NULL, NULL, '185/75R13', 0.000),
(55, 65, NULL, NULL, NULL, '33X10.50-15', 96.000),
(56, 66, NULL, NULL, NULL, '175/70R14', 0.000),
(57, 67, NULL, NULL, NULL, '185/70R14', 0.000),
(58, 68, NULL, NULL, NULL, '195/70R14', 0.000),
(59, 69, NULL, NULL, NULL, '205/70R14', 0.000),
(60, 70, NULL, NULL, NULL, '215/70R14', 0.000),
(61, 71, NULL, NULL, NULL, '225/70R14', 0.000),
(62, 72, NULL, NULL, NULL, '27/8.50R14', 0.000),
(63, 73, NULL, NULL, NULL, '225/50R16', 0.000),
(64, 74, NULL, NULL, NULL, '235/50R16', 0.000),
(65, 75, NULL, NULL, NULL, '225/50VR16', 0.000),
(66, 76, NULL, NULL, NULL, '245/50VR16', 0.000),
(67, 77, NULL, NULL, NULL, '255/50VR16', 0.000),
(68, 79, NULL, NULL, NULL, '175/75R14', 0.000),
(69, 80, NULL, NULL, NULL, '185/75R14', 0.000),
(70, 81, NULL, NULL, NULL, '195/75R14', 77.000),
(71, 82, NULL, NULL, NULL, '205/75R14', 0.000),
(72, 83, NULL, NULL, NULL, '215/75R14', 0.000),
(73, 84, NULL, NULL, NULL, '225/75R14', 0.000),
(74, 85, NULL, NULL, NULL, '165/80R14', 0.000),
(75, 86, NULL, NULL, NULL, '175/80R14', 0.000),
(76, 87, NULL, NULL, NULL, '185/80R14', 0.000),
(77, 89, NULL, NULL, NULL, '235/70R14', 0.000),
(78, 90, NULL, NULL, NULL, 'ER78-14', 0.000),
(79, 91, NULL, NULL, NULL, 'FR78-14', 0.000),
(80, 92, NULL, NULL, NULL, 'GR78-14', 0.000),
(81, 93, NULL, NULL, NULL, 'HR78-14', 0.000),
(82, 94, NULL, NULL, NULL, '245/70R14', 0.000),
(83, 95, NULL, NULL, NULL, 'DR70-14', 0.000),
(84, 96, NULL, NULL, NULL, 'ER70-14', 0.000),
(85, 97, NULL, NULL, NULL, 'FR70-14', 0.000),
(86, 98, NULL, NULL, NULL, 'GR70-14', 0.000),
(87, 99, NULL, NULL, NULL, 'HR70-14', 0.000),
(88, 100, NULL, NULL, NULL, '40X14', 0.000),
(89, 101, NULL, NULL, NULL, '225R14', 0.000),
(90, 102, NULL, NULL, NULL, '175/60R14', 0.000),
(91, 103, NULL, NULL, NULL, '185/60R14', 0.000),
(92, 104, NULL, NULL, NULL, '195/60R14', 0.000),
(93, 105, NULL, NULL, NULL, '205/60R14', 0.000),
(94, 106, NULL, NULL, NULL, '215/60R14', 0.000),
(95, 107, NULL, NULL, NULL, '225/60R14', 0.000),
(96, 108, NULL, NULL, NULL, '235/60R14', 0.000),
(97, 109, NULL, NULL, NULL, '250/70R15', 87.000),
(98, 110, NULL, NULL, NULL, '185/65R365', 0.000),
(99, 111, NULL, NULL, NULL, '165/70R365', 0.000),
(100, 112, NULL, NULL, NULL, '195/65R14', 0.000),
(101, 113, NULL, NULL, NULL, '215/65R14', 0.000),
(102, 114, NULL, NULL, NULL, '205R14', 0.000),
(103, 115, NULL, NULL, NULL, '155R14', 0.000),
(104, 116, NULL, NULL, NULL, '165R14', 0.000),
(105, 117, NULL, NULL, NULL, '175R14', 0.000),
(106, 118, NULL, NULL, NULL, '185R14', 0.000),
(107, 119, NULL, NULL, NULL, '195R14', 77.000),
(108, 120, NULL, NULL, NULL, '185/70R15', 0.000),
(109, 121, NULL, NULL, NULL, '195/70R15', 0.000),
(110, 122, NULL, NULL, NULL, '195/50R15', 0.000),
(111, 123, NULL, NULL, NULL, '215R14', 0.000),
(112, 124, NULL, NULL, NULL, '195/60R15', 0.000),
(113, 125, NULL, NULL, NULL, '205/60R15', 0.000),
(114, 126, NULL, NULL, NULL, '215/60R15', 0.000),
(115, 127, NULL, NULL, NULL, '225/60R15', 0.000),
(116, 128, NULL, NULL, NULL, '235/60R15', 0.000),
(117, 129, NULL, NULL, NULL, '220/55R390', 0.000),
(118, 130, NULL, NULL, NULL, '200/60R390', 0.000),
(119, 131, NULL, NULL, NULL, '190/65R390', 0.000),
(120, 132, NULL, NULL, NULL, '185/65R15', 0.000),
(121, 133, NULL, NULL, NULL, '205/70R15', 0.000),
(122, 134, NULL, NULL, NULL, '215/70R15', 0.000),
(123, 135, NULL, NULL, NULL, '13.50-161', 0.000),
(124, 136, NULL, NULL, NULL, '235/70R15', 0.000),
(125, 137, NULL, NULL, NULL, '165R15', 0.000),
(126, 138, NULL, NULL, NULL, '175R15', 0.000),
(127, 139, NULL, NULL, NULL, '195/65R15', 0.000),
(128, 140, NULL, NULL, NULL, '205/65R15', 0.000),
(129, 141, NULL, NULL, NULL, '215/65R15', 0.000),
(130, 142, NULL, NULL, NULL, '185R15', 0.000),
(131, 143, NULL, NULL, NULL, '205R15', 0.000),
(132, 144, NULL, NULL, NULL, '215R15', 0.000),
(133, 145, NULL, NULL, NULL, '225R15', 0.000),
(134, 146, NULL, NULL, NULL, '230R15', 0.000),
(135, 147, NULL, NULL, NULL, '235R15', 0.000),
(136, 148, NULL, NULL, NULL, '195R15', 0.000),
(137, 149, NULL, NULL, NULL, 'HR70-15', 0.000),
(138, 150, NULL, NULL, NULL, 'LR70-15', 0.000),
(139, 151, NULL, NULL, NULL, 'FR70-15', 0.000),
(140, 152, NULL, NULL, NULL, 'GR70-15', 0.000),
(141, 153, NULL, NULL, NULL, '6.50R13', 0.000),
(142, 154, NULL, NULL, NULL, '7.00R13', 0.000),
(143, 155, NULL, NULL, NULL, 'KR70-15', 0.000),
(144, 156, NULL, NULL, NULL, '6.00R14', 0.000),
(145, 157, NULL, NULL, NULL, '6.70R14', 0.000),
(146, 158, NULL, NULL, NULL, '7.00R14', 0.000),
(147, 159, NULL, NULL, NULL, '7.9R14', 0.000),
(148, 160, NULL, NULL, NULL, '8.5R14', 0.000),
(149, 161, NULL, NULL, NULL, '27X9.50R14', 0.000),
(150, 162, NULL, NULL, NULL, '28X10.50R14', 0.000),
(151, 163, NULL, NULL, NULL, 'ER60-14', 0.000),
(152, 164, NULL, NULL, NULL, '28L26', 0.000),
(153, 165, NULL, NULL, NULL, '8R14.5', 0.000),
(154, 166, NULL, NULL, NULL, '9R14.5', 0.000),
(155, 167, NULL, NULL, NULL, 'AR78-15', 0.000),
(156, 168, NULL, NULL, NULL, 'FR60-15', 0.000),
(157, 169, NULL, NULL, NULL, '195/75R15', 81.000),
(158, 170, NULL, NULL, NULL, '205/75R15', 82.000),
(159, 171, NULL, NULL, NULL, '215/75R15', 83.000),
(160, 172, NULL, NULL, NULL, '225/75R15', 85.000),
(161, 173, NULL, NULL, NULL, '235/75R15', 88.000),
(162, 174, NULL, NULL, NULL, 'ER78-15', 0.000),
(163, 175, NULL, NULL, NULL, 'FR78-15', 0.000),
(164, 176, NULL, NULL, NULL, 'BR78-15', 0.000),
(165, 177, NULL, NULL, NULL, 'GR78-15', 0.000),
(166, 178, NULL, NULL, NULL, 'HR78-15', 87.000),
(167, 179, NULL, NULL, NULL, 'JR78-15', 0.000),
(168, 180, NULL, NULL, NULL, 'LR78-15', 0.000),
(169, 181, NULL, NULL, NULL, '155/80R15', 0.000),
(170, 182, NULL, NULL, NULL, '165/80R15', 120.000),
(171, 183, NULL, NULL, NULL, '6.00R15', 0.000),
(172, 184, NULL, NULL, NULL, '6.50R15', 0.000),
(173, 185, NULL, NULL, NULL, '6.70R15', 0.000),
(174, 186, NULL, NULL, NULL, '7.00R15', 90.000),
(175, 187, NULL, NULL, NULL, '195/80R15', 0.000),
(176, 188, NULL, NULL, NULL, '7.50R15', 96.000),
(177, 189, NULL, NULL, NULL, '8.25R15', 99.000),
(178, 190, NULL, NULL, NULL, '9.00R15', 105.000),
(179, 191, NULL, NULL, NULL, '10.00R15', 109.000),
(180, 192, NULL, NULL, NULL, '11.00R15', 120.000),
(181, 193, NULL, NULL, NULL, '32X12.1R15', 0.000),
(182, 194, NULL, NULL, NULL, '32X11.50R15', 0.000),
(183, 195, NULL, NULL, NULL, '10R15', 109.000),
(184, 196, NULL, NULL, NULL, '11R15', 0.000),
(185, 197, NULL, NULL, NULL, '12R15', 0.000),
(186, 198, NULL, NULL, NULL, '30X9.50R15', 128.000),
(187, 199, NULL, NULL, NULL, '29X8R15', 89.000),
(188, 200, NULL, NULL, NULL, '28X9R15', 0.000),
(189, 201, NULL, NULL, NULL, '27X9.50R15', 0.000),
(190, 202, NULL, NULL, NULL, '28X10.50R15', 0.000),
(191, 203, NULL, NULL, NULL, '29X9.50R15', 0.000),
(192, 204, NULL, NULL, NULL, '31X10.50R15', 0.000),
(193, 205, NULL, NULL, NULL, '31X11.50R15', 105.000),
(194, 206, NULL, NULL, NULL, '33X12.50R15', 0.000),
(195, 207, NULL, NULL, NULL, '215/60R16', 0.000),
(196, 208, NULL, NULL, NULL, '225/60R16', 0.000),
(197, 209, NULL, NULL, NULL, '215/75R16', 86.000),
(198, 210, NULL, NULL, NULL, '225/75R16', 87.000),
(199, 211, NULL, NULL, NULL, '245/75R16', 91.000),
(200, 213, NULL, NULL, NULL, '265/75R16', 95.000),
(201, 214, NULL, NULL, NULL, '215/80R16', 95.000),
(202, 215, NULL, NULL, NULL, '235/80R16', 95.000),
(203, 216, NULL, NULL, NULL, '215/70R16', 0.000),
(204, 217, NULL, NULL, NULL, '225/85R16', 125.000),
(205, 218, NULL, NULL, NULL, '215/85R16', 92.000),
(206, 219, NULL, NULL, NULL, '235/85R16', 95.000),
(207, 220, NULL, NULL, NULL, '255/85R16', 99.000),
(208, 221, NULL, NULL, NULL, '245/85R16', 0.000),
(209, 222, NULL, NULL, NULL, '20.0-14.0-15', 0.000),
(210, 223, NULL, NULL, NULL, 'FR78-16', 0.000),
(211, 224, NULL, NULL, NULL, 'HR78-16', 0.000),
(212, 225, NULL, NULL, NULL, 'LR78-16', 0.000),
(213, 226, NULL, NULL, NULL, '250-15', 87.000),
(214, 227, NULL, NULL, NULL, '300-15', 97.000),
(215, 228, NULL, NULL, NULL, '6.00R16', 0.000),
(216, 229, NULL, NULL, NULL, '6.50R16', 90.000),
(217, 230, NULL, NULL, NULL, '7.00R16', 93.000),
(218, 231, NULL, NULL, NULL, '7.50R16', 96.000),
(219, 232, NULL, NULL, NULL, '8.00R16', 134.000),
(220, 233, NULL, NULL, NULL, '2.25R16', 0.000),
(221, 236, NULL, NULL, NULL, '275/85R16.5', 0.000),
(222, 238, NULL, NULL, NULL, '7.50R16.5', 0.000),
(223, 239, NULL, NULL, NULL, '8.00R16.5', 85.000),
(224, 240, NULL, NULL, NULL, '8.75R16.5', 89.000),
(225, 241, NULL, NULL, NULL, '9.50R16.5', 92.000),
(226, 244, NULL, NULL, NULL, '10R16.5', 90.000),
(227, 245, NULL, NULL, NULL, '12R16.5', 97.000),
(228, 248, NULL, NULL, NULL, '31X10.50R16.5', 0.000),
(229, 249, NULL, NULL, NULL, '33X12.50R16.5', 97.000),
(230, 250, NULL, NULL, NULL, '36X12.50R16.5', 0.000),
(231, 253, NULL, NULL, NULL, '7.00R17', 0.000),
(232, 254, NULL, NULL, NULL, '7.50R17', 102.000),
(233, 255, NULL, NULL, NULL, '235/80R17', 95.000),
(234, 257, NULL, NULL, NULL, '245/70R17.5', 0.000),
(235, 258, NULL, NULL, NULL, '265/70R17.5', 0.000),
(236, 261, NULL, NULL, NULL, '205/75R17.5', 0.000),
(237, 262, NULL, NULL, NULL, '215/75R17.5', 93.000),
(238, 263, NULL, NULL, NULL, '225/75R17.5', 93.000),
(239, 264, NULL, NULL, NULL, '235/75R17.5', 94.000),
(240, 265, NULL, NULL, NULL, '245/75R17.5', 94.000),
(241, 268, NULL, NULL, NULL, '9.50R17.5', 0.000),
(242, 271, NULL, NULL, NULL, '7R17.5', 0.000),
(243, 272, NULL, NULL, NULL, '8R17.5', 94.000),
(244, 273, NULL, NULL, NULL, '8.5R17.5', 96.000),
(245, 274, NULL, NULL, NULL, '9R17.5', 99.000),
(246, 275, NULL, NULL, NULL, '9.5R17.5', 125.000),
(247, 276, NULL, NULL, NULL, '10R17.5', 105.000),
(248, 277, NULL, NULL, NULL, '11R17.5', 109.000),
(249, 278, NULL, NULL, NULL, '14R17.5', 0.000),
(250, 279, NULL, NULL, NULL, '14/17.5', 104.000),
(251, 280, NULL, NULL, NULL, '7.00R18', 101.000),
(252, 283, NULL, NULL, NULL, '225/70R19.5', 98.000),
(253, 284, NULL, NULL, NULL, '245/70R19.5', 101.000),
(254, 285, NULL, NULL, NULL, '265/70R19.5', 102.000),
(255, 286, NULL, NULL, NULL, '285/70R19.5', 105.000),
(256, 289, NULL, NULL, NULL, '245/75R19.5', 101.000),
(257, 290, NULL, NULL, NULL, '265/75R19.5', 0.000),
(258, 293, NULL, NULL, NULL, '8R19.5', 102.000),
(259, 294, NULL, NULL, NULL, '9-19.5', 0.000),
(260, 296, NULL, NULL, NULL, '15R19.5', 121.000),
(261, 297, NULL, NULL, NULL, '16.5R19.5', 125.000),
(262, 298, NULL, NULL, NULL, '18R19.5', 128.000),
(263, 299, NULL, NULL, NULL, '19.5R19.5', 135.000),
(264, 300, NULL, NULL, NULL, '445/65R19.5', 130.000),
(265, 302, NULL, NULL, NULL, '365/80R20', 129.000),
(266, 305, NULL, NULL, NULL, '275/90R20', 0.000),
(267, 308, NULL, NULL, NULL, '10.00/90R20', 121.000),
(268, 311, NULL, NULL, NULL, '12/80R20', 0.000),
(269, 312, NULL, NULL, NULL, '13/80R20', 125.000),
(270, 313, NULL, NULL, NULL, '14/80R20', 130.000),
(271, 314, NULL, NULL, NULL, '12.5/80-18', 0.000),
(272, 316, NULL, NULL, NULL, '6.50R20', 0.000),
(273, 317, NULL, NULL, NULL, '7.00R20', 0.000),
(274, 318, NULL, NULL, NULL, '7.50R20', 110.000),
(275, 319, NULL, NULL, NULL, '8.25R20', 115.000),
(276, 320, NULL, NULL, NULL, '9.00R20', 120.000),
(277, 321, NULL, NULL, NULL, '10.00R20', 125.000),
(278, 322, NULL, NULL, NULL, '11.00R20', 130.000),
(279, 323, NULL, NULL, NULL, '12.00R20', 134.000),
(280, 324, NULL, NULL, NULL, '13.00R20', 138.000),
(281, 325, NULL, NULL, NULL, '14.00R20', 146.000),
(282, 326, NULL, NULL, NULL, '16.00R20', 0.000),
(283, 327, NULL, NULL, NULL, '18.00R20', 0.000),
(284, 332, NULL, NULL, NULL, '10.00R22', 132.000),
(285, 333, NULL, NULL, NULL, '11.00R22', 135.000),
(286, 334, NULL, NULL, NULL, '12.00R22', 0.000),
(287, 337, NULL, NULL, NULL, '445/50R22.5', 121.000),
(288, 338, NULL, NULL, NULL, '385/65R22.5', 127.000),
(289, 339, NULL, NULL, NULL, '425/65R22.5', 135.000),
(290, 340, NULL, NULL, NULL, '445/65R22.5', 146.000),
(291, 341, NULL, NULL, NULL, '245/70R22.5', 112.000),
(292, 342, NULL, NULL, NULL, '235/70R22.5', 0.000),
(293, 343, NULL, NULL, NULL, '255/70R22.5', 110.000),
(294, 344, NULL, NULL, NULL, '275/70R22.5', 114.000),
(295, 345, NULL, NULL, NULL, '295/70R22.5', 122.000),
(296, 346, NULL, NULL, NULL, '315/70R22.5', 0.000),
(297, 347, NULL, NULL, NULL, '365/70R22.5', 0.000),
(298, 348, NULL, NULL, NULL, '305/70R22.5', 119.000),
(299, 350, NULL, NULL, NULL, '245/75R22.5', 112.000),
(300, 351, NULL, NULL, NULL, '265/75R22.5', 116.000),
(301, 352, NULL, NULL, NULL, '275/75R22.5', 0.000),
(302, 353, NULL, NULL, NULL, '285/75R22.5', 120.000),
(303, 354, NULL, NULL, NULL, '295/75R22.5', 122.000),
(304, 355, NULL, NULL, NULL, '315/75R22.5', 130.000),
(305, 356, NULL, NULL, NULL, '335/75R22.5', 0.000),
(306, 357, NULL, NULL, NULL, '350/75R22.5', 0.000),
(307, 360, NULL, NULL, NULL, '235/80R22.5', 110.000),
(308, 361, NULL, NULL, NULL, '255/80R22.5', 116.000),
(309, 362, NULL, NULL, NULL, '365/80R22.5', 0.000),
(310, 363, NULL, NULL, NULL, '275/80R22.5', 122.000),
(311, 364, NULL, NULL, NULL, '455/55R22.5', 129.000),
(312, 365, NULL, NULL, NULL, '295/80R22.5', 126.000),
(313, 366, NULL, NULL, NULL, '315/80R22.5', 130.000),
(314, 367, NULL, NULL, NULL, 'G20', 0.000),
(315, 369, NULL, NULL, NULL, '10/70R22.5', 0.000),
(316, 370, NULL, NULL, NULL, '11/70R22.5', 114.000),
(317, 371, NULL, NULL, NULL, '12/70R22.5', 0.000),
(318, 372, NULL, NULL, NULL, '13/70R22.5', 0.000),
(319, 374, NULL, NULL, NULL, '265/85R22.5', 0.000),
(320, 375, NULL, NULL, NULL, '11/75R22.5', 0.000),
(321, 376, NULL, NULL, NULL, '12/75R22.5', 0.000),
(322, 377, NULL, NULL, NULL, '13/75R22.5', 0.000),
(323, 380, NULL, NULL, NULL, '10/80R22.5', 0.000),
(324, 381, NULL, NULL, NULL, '11/80R22.5', 122.000),
(325, 382, NULL, NULL, NULL, '12/80R22.5', 126.000),
(326, 385, NULL, NULL, NULL, '8R22.5', 110.000),
(327, 386, NULL, NULL, NULL, '9R22.5', 115.000),
(328, 387, NULL, NULL, NULL, '10R22.5', 120.000),
(329, 388, NULL, NULL, NULL, '11R22.5', 125.000),
(330, 389, NULL, NULL, NULL, '12R22.5', 130.000),
(331, 390, NULL, NULL, NULL, '12.5R22.5', 130.000),
(332, 391, NULL, NULL, NULL, '12.75R22.5', 130.000),
(333, 392, NULL, NULL, NULL, '13R22.5', 134.000),
(334, 394, NULL, NULL, NULL, '305/85R22.5', 132.000),
(335, 395, NULL, NULL, NULL, '15R22.5', 130.000),
(336, 396, NULL, NULL, NULL, '16.5R22.5', 135.000),
(337, 397, NULL, NULL, NULL, '18R22.5', 139.000),
(338, 401, NULL, NULL, NULL, '1400R24', 0.000),
(339, 402, NULL, NULL, NULL, '10.00R24', 0.000),
(340, 403, NULL, NULL, NULL, '11.00R24', 138.000),
(341, 404, NULL, NULL, NULL, '12.00R24', 146.000),
(342, 405, NULL, NULL, NULL, '1300R24', 0.000),
(343, 407, NULL, NULL, NULL, '285/75R24.5', 125.000),
(344, 408, NULL, NULL, NULL, '295/75R24.5', 126.000),
(345, 409, NULL, NULL, NULL, '305/75R24.5', 130.000),
(346, 411, NULL, NULL, NULL, '275/80R24.5', 125.000),
(347, 412, NULL, NULL, NULL, '285/80R24.5', 129.000),
(348, 413, NULL, NULL, NULL, '295/80R24.5', 126.000),
(349, 414, NULL, NULL, NULL, '305/75R22.5', 123.000),
(350, 416, NULL, NULL, NULL, '11/75R24.5', 0.000),
(351, 419, NULL, NULL, NULL, '11/80R24.5', 125.000),
(352, 422, NULL, NULL, NULL, '11R24.5', 132.000),
(353, 423, NULL, NULL, NULL, '12R24.5', 135.000),
(354, 424, NULL, NULL, NULL, '12.5R24.5', 135.000),
(355, 425, NULL, NULL, NULL, '12.75R24.5', 135.000),
(356, 428, NULL, NULL, NULL, '12.00R25', 0.000),
(357, 429, NULL, NULL, NULL, '13.00R25', 0.000),
(358, 455, NULL, NULL, NULL, '13.00R24', 150.000),
(359, 456, NULL, NULL, NULL, '14.00R24', 156.000),
(360, 459, NULL, NULL, NULL, '14.00R25', 0.000),
(361, 460, NULL, NULL, NULL, '16.00R25', 0.000),
(362, 461, NULL, NULL, NULL, '18.00R25', 0.000),
(363, 464, NULL, NULL, NULL, '15.5R25', 150.000),
(364, 465, NULL, NULL, NULL, '17.5R25', 154.000),
(365, 466, NULL, NULL, NULL, '20.5R25', 0.000),
(366, 467, NULL, NULL, NULL, '23.5R25', 0.000),
(367, 468, NULL, NULL, NULL, '26.5R25', 0.000),
(368, 469, NULL, NULL, NULL, '29.5R25', 0.000),
(369, 472, NULL, NULL, NULL, '26.5R29', 0.000),
(370, 473, NULL, NULL, NULL, '25.9R29', 0.000),
(371, 506, NULL, NULL, NULL, 'A70-13', 0.000),
(372, 507, NULL, NULL, NULL, 'B70-13', 0.000),
(373, 509, NULL, NULL, NULL, '6.90-6', 0.000),
(374, 511, NULL, NULL, NULL, 'C78-13', 0.000),
(375, 512, NULL, NULL, NULL, 'D78-13', 0.000),
(376, 514, NULL, NULL, NULL, '4.00-8', 0.000),
(377, 515, NULL, NULL, NULL, '4.80-8', 52.000),
(378, 516, NULL, NULL, NULL, 'B78-14', 0.000),
(379, 517, NULL, NULL, NULL, 'C78-14', 0.000),
(380, 518, NULL, NULL, NULL, '5.60-8', 130.000),
(381, 519, NULL, NULL, NULL, 'D78-14', 0.000),
(382, 523, NULL, NULL, NULL, '6.00-9', 0.000),
(383, 526, NULL, NULL, NULL, 'A60-13', 0.000),
(384, 527, NULL, NULL, NULL, 'B60-13', 0.000),
(385, 529, NULL, NULL, NULL, 'B50-13', 0.000),
(386, 532, NULL, NULL, NULL, '7.50-10', 79.000),
(387, 540, NULL, NULL, NULL, '7.00-12', 83.000),
(388, 546, NULL, NULL, NULL, 'A78-13', 0.000),
(389, 547, NULL, NULL, NULL, 'B78-13', 0.000),
(390, 581, NULL, NULL, NULL, '195/75B14', 0.000),
(391, 582, NULL, NULL, NULL, '205/75B14', 0.000),
(392, 590, NULL, NULL, NULL, 'E78-14', 0.000),
(393, 591, NULL, NULL, NULL, 'F78-14', 0.000),
(394, 592, NULL, NULL, NULL, 'G78-14', 0.000),
(395, 593, NULL, NULL, NULL, 'H78-14', 0.000),
(396, 595, NULL, NULL, NULL, 'D70-14', 0.000),
(397, 596, NULL, NULL, NULL, 'E70-14', 0.000),
(398, 597, NULL, NULL, NULL, 'F70-14', 0.000),
(399, 598, NULL, NULL, NULL, 'G70-14', 0.000),
(400, 599, NULL, NULL, NULL, 'H70-14', 0.000),
(401, 649, NULL, NULL, NULL, 'H70-15', 0.000),
(402, 650, NULL, NULL, NULL, 'L50-15', 0.000),
(403, 651, NULL, NULL, NULL, 'F70-15', 0.000),
(404, 652, NULL, NULL, NULL, 'G70-15', 0.000),
(405, 653, NULL, NULL, NULL, '6.50-13', 0.000),
(406, 654, NULL, NULL, NULL, '7.00-13', 0.000),
(407, 655, NULL, NULL, NULL, 'K70-15', 0.000),
(408, 656, NULL, NULL, NULL, '6.00-14', 0.000),
(409, 657, NULL, NULL, NULL, '6.70-14', 0.000),
(410, 658, NULL, NULL, NULL, '7.00-14', 0.000),
(411, 659, NULL, NULL, NULL, '7.9-14', 0.000),
(412, 660, NULL, NULL, NULL, '8.50-14', 0.000),
(413, 661, NULL, NULL, NULL, '27X9.50-14', 0.000),
(414, 662, NULL, NULL, NULL, '28X10.50-14', 0.000),
(415, 663, NULL, NULL, NULL, 'E60-14', 0.000),
(416, 665, NULL, NULL, NULL, '8-14.5', 0.000),
(417, 666, NULL, NULL, NULL, '9-14.5', 0.000),
(418, 667, NULL, NULL, NULL, 'A78-15', 0.000),
(419, 668, NULL, NULL, NULL, 'F60-15', 0.000),
(420, 674, NULL, NULL, NULL, 'E78-15', 0.000),
(421, 675, NULL, NULL, NULL, 'F78-15', 0.000),
(422, 676, NULL, NULL, NULL, 'B78-15', 0.000),
(423, 677, NULL, NULL, NULL, 'G78-15', 85.000),
(424, 678, NULL, NULL, NULL, 'H78-15', 87.000),
(425, 679, NULL, NULL, NULL, 'J78-15', 0.000),
(426, 680, NULL, NULL, NULL, 'L78-15', 0.000),
(427, 683, NULL, NULL, NULL, '6.00-15', 0.000),
(428, 684, NULL, NULL, NULL, '6.50-15', 0.000),
(429, 685, NULL, NULL, NULL, '6.70-15', 0.000),
(430, 686, NULL, NULL, NULL, '7.00-15', 93.000),
(431, 688, NULL, NULL, NULL, '7.50-15', 96.000),
(432, 689, NULL, NULL, NULL, '8.25-15', 99.000),
(433, 690, NULL, NULL, NULL, '9.00-15', 105.000),
(434, 691, NULL, NULL, NULL, '10.00-15', 109.000),
(435, 692, NULL, NULL, NULL, '11.00-15', 120.000),
(436, 693, NULL, NULL, NULL, '32X12.1-15', 0.000),
(437, 694, NULL, NULL, NULL, '32X11.50-15', 0.000),
(438, 695, NULL, NULL, NULL, '10-15', 0.000),
(439, 696, NULL, NULL, NULL, '11-15', 0.000),
(440, 697, NULL, NULL, NULL, '12-15', 0.000),
(441, 698, NULL, NULL, NULL, '30X9.50-15', 0.000),
(442, 699, NULL, NULL, NULL, '29X8-15', 132.000),
(443, 700, NULL, NULL, NULL, '28X9-15', 86.000),
(444, 701, NULL, NULL, NULL, '27X9.50-15', 0.000),
(445, 702, NULL, NULL, NULL, '28X10.50-15', 0.000),
(446, 703, NULL, NULL, NULL, '29X9.50-15', 0.000),
(447, 704, NULL, NULL, NULL, '31X10.50-15', 91.000),
(448, 705, NULL, NULL, NULL, '31X11.50-15', 0.000),
(449, 706, NULL, NULL, NULL, '33X12.50-15', 0.000),
(450, 707, NULL, NULL, NULL, '29X12.50X15', 0.000),
(451, 723, NULL, NULL, NULL, 'F78-16', 0.000),
(452, 724, NULL, NULL, NULL, 'H78-16', 0.000),
(453, 725, NULL, NULL, NULL, 'L78-16', 0.000),
(454, 728, NULL, NULL, NULL, '6.00-16', 0.000),
(455, 729, NULL, NULL, NULL, '6.50-16', 90.000),
(456, 730, NULL, NULL, NULL, '7.00-16', 0.000),
(457, 731, NULL, NULL, NULL, '7.50-16', 96.000),
(458, 733, NULL, NULL, NULL, '2.25-16', 0.000),
(459, 739, NULL, NULL, NULL, '8.00-16.5', 85.000),
(460, 740, NULL, NULL, NULL, '8.75-16.5', 89.000),
(461, 741, NULL, NULL, NULL, '9.50-16.5', 92.000),
(462, 744, NULL, NULL, NULL, '10-16.5', 90.000),
(463, 745, NULL, NULL, NULL, '12-16.5', 97.000),
(464, 748, NULL, NULL, NULL, '31X10.50', 0.000),
(465, 749, NULL, NULL, NULL, '33X12.50', 0.000),
(466, 750, NULL, NULL, NULL, '36X12.50', 0.000),
(467, 753, NULL, NULL, NULL, '7.00-17', 0.000),
(468, 754, NULL, NULL, NULL, '7.50-17', 102.000),
(469, 768, NULL, NULL, NULL, '9.50-17.5', 0.000),
(470, 770, NULL, NULL, NULL, '9.5-15', 0.000),
(471, 771, NULL, NULL, NULL, '7-17.5', 0.000),
(472, 772, NULL, NULL, NULL, '8-17.2', 94.000),
(473, 773, NULL, NULL, NULL, '8.5-17.5', 96.000),
(474, 774, NULL, NULL, NULL, '9-17.5', 99.000),
(475, 775, NULL, NULL, NULL, '9.5-17.5', 0.000),
(476, 776, NULL, NULL, NULL, '10-17.5', 105.000),
(477, 777, NULL, NULL, NULL, '11-17.5', 109.000),
(478, 778, NULL, NULL, NULL, '14-17.5', 0.000),
(479, 780, NULL, NULL, NULL, '7.00-18', 101.000),
(480, 796, NULL, NULL, NULL, '15-19.5', 0.000),
(481, 797, NULL, NULL, NULL, '16.5-19.5', 125.000),
(482, 798, NULL, NULL, NULL, '18-19.5', 128.000),
(483, 799, NULL, NULL, NULL, '19.5-19.5', 0.000),
(484, 816, NULL, NULL, NULL, '6.50-20', 0.000),
(485, 817, NULL, NULL, NULL, '7.00-20', 0.000),
(486, 818, NULL, NULL, NULL, '7.50-20', 110.000),
(487, 819, NULL, NULL, NULL, '8.25-20', 115.000),
(488, 820, NULL, NULL, NULL, '9.00-20', 120.000),
(489, 821, NULL, NULL, NULL, '10.00-20', 125.000),
(490, 822, NULL, NULL, NULL, '11.00-20', 130.000),
(491, 823, NULL, NULL, NULL, '12.00-20', 134.000),
(492, 824, NULL, NULL, NULL, '13.00-20', 138.000),
(493, 825, NULL, NULL, NULL, '14.00-20', 146.000),
(494, 826, NULL, NULL, NULL, '16.00-20', 0.000),
(495, 827, NULL, NULL, NULL, '18.00-20', 0.000),
(496, 832, NULL, NULL, NULL, '10.00-22', 132.000),
(497, 833, NULL, NULL, NULL, '11.00-22', 135.000),
(498, 834, NULL, NULL, NULL, '12.00-22', 0.000),
(499, 885, NULL, NULL, NULL, '8-22.5', 110.000),
(500, 886, NULL, NULL, NULL, '9-22.5', 115.000),
(501, 887, NULL, NULL, NULL, '10-22.5', 120.000),
(502, 888, NULL, NULL, NULL, '11-22.5', 125.000),
(503, 889, NULL, NULL, NULL, '12-22.5', 130.000),
(504, 890, NULL, NULL, NULL, '12.5-22.5', 130.000),
(505, 891, NULL, NULL, NULL, '12.75-22.5', 130.000),
(506, 892, NULL, NULL, NULL, '13-22.5', 134.000),
(507, 893, NULL, NULL, NULL, '8-19.5', 102.000),
(508, 895, NULL, NULL, NULL, '15-22.5', 130.000),
(509, 896, NULL, NULL, NULL, '16.5-22.5', 135.000),
(510, 897, NULL, NULL, NULL, '18-22.5', 139.000),
(511, 900, NULL, NULL, NULL, '11L16', 0.000),
(512, 901, NULL, NULL, NULL, '1100-16', 0.000),
(513, 902, NULL, NULL, NULL, '10.00-24', 0.000),
(514, 903, NULL, NULL, NULL, '11.00-24', 138.000),
(515, 904, NULL, NULL, NULL, '12.00-24', 146.000),
(516, 905, NULL, NULL, NULL, '1000-16', 0.000),
(517, 910, NULL, NULL, NULL, '305/70R19.5', 105.000),
(518, 915, NULL, NULL, NULL, '16.9-28', 0.000),
(519, 922, NULL, NULL, NULL, '11-24.5', 132.000),
(520, 923, NULL, NULL, NULL, '12-24.5', 135.000),
(521, 924, NULL, NULL, NULL, '12.5-24.5', 135.000),
(522, 925, NULL, NULL, NULL, '12.75-24.5', 135.000),
(523, 928, NULL, NULL, NULL, '12.00-25', 0.000),
(524, 929, NULL, NULL, NULL, '13.00-25', 0.000),
(525, 930, NULL, NULL, NULL, '315/70R15', 0.000),
(526, 955, NULL, NULL, NULL, '13.00-24', 150.000),
(527, 956, NULL, NULL, NULL, '14.00-24', 156.000),
(528, 959, NULL, NULL, NULL, '14.00-25', 0.000),
(529, 960, NULL, NULL, NULL, '16.00-25', 0.000),
(530, 961, NULL, NULL, NULL, '18.00-25', 0.000),
(531, 964, NULL, NULL, NULL, '15.5-25', 150.000),
(532, 965, NULL, NULL, NULL, '17.5-25', 154.000),
(533, 966, NULL, NULL, NULL, '20.5-25', 0.000),
(534, 967, NULL, NULL, NULL, '23.5-25', 0.000),
(535, 968, NULL, NULL, NULL, '26.5-25', 0.000),
(536, 969, NULL, NULL, NULL, '29.5-25', 0.000),
(537, 972, NULL, NULL, NULL, '26.5-29', 0.000),
(538, 973, NULL, NULL, NULL, '25.9-29', 0.000),
(539, 990, NULL, NULL, NULL, '22.5 X 7.50', 0.000),
(540, 991, NULL, NULL, NULL, '22.5 X 8.25', 0.000),
(541, 992, NULL, NULL, NULL, '22.5 X 9.00', 0.000),
(542, 993, NULL, NULL, NULL, '24.5 X 7.50', 0.000),
(543, 994, NULL, NULL, NULL, '24.5 X 8.25', 0.000),
(544, 995, NULL, NULL, NULL, '24.5 X 9.00', 0.000),
(545, 998, NULL, NULL, NULL, 'OTR', 0.000),
(546, 999, NULL, NULL, NULL, 'MISC', 0.000);

--
-- Dumping data for table `tread_widths`
--

INSERT INTO `tread_widths` (`id`, `size_standard`, `size_mm`, `suffix`) VALUES
(2, 5.00, 170, ''),
(3, 6.00, 180, ''),
(4, 7.00, 195, ''),
(5, 7.50, 200, ''),
(6, 8.00, 205, ''),
(7, 8.50, 210, 'N'),
(8, 8.50, 215, ''),
(9, 9.00, 220, ''),
(10, 9.50, 230, ''),
(11, 10.50, 240, ''),
(12, 12.00, 250, ''),
(13, 11.00, 245, ''),
(14, 12.50, 255, ''),
(15, 15.00, 290, ''),
(16, 16.00, 310, ''),
(17, 17.00, 330, ''),
(18, 18.00, 360, ''),
(19, 18.00, 360, 'D'),
(20, 0.00, 270, ''),
(21, 10.00, 0, ''),
(22, 0.00, 300, ''),
(23, 10.00, 0, ''),
(24, 0.00, 300, ''),
(25, 0.00, 320, ''),
(26, 0.00, 165, ''),
(27, 20.00, 0, ''),
(28, 30.00, 0, ''),
(29, 40.00, 0, ''),
(30, 0.00, 275, ''),
(31, 0.00, 390, ''),
(32, 10.00, 0, 'D'),
(33, 0.00, 355, ''),
(34, 0.00, 362, ''),
(35, 0.00, 100, NULL),
(36, 16.50, 0, '');

--
-- Dumping data for table `uoms`
--

INSERT INTO `uoms` (`id`, `name`, `symbol`, `suffix_or_prefix`) VALUES
(1, 'Piece', 'pc.', 's'),
(2, 'Pound', 'lbs.', 'p');

--
-- Dumping data for table `users`
--

INSERT INTO `users` (`id`, `checkpoint_id`, `username`, `password`, `language_id`, `email`, `first_name`, `last_name`, `login_hash`, `login_ip`, `last_ui`, `change_password`, `modified`, `created`, `active`, `admin`, `current_location`, `current_till`, `location_id`, `company_id`, `deleted`, `deleted_by`, `user_group_id`) VALUES
(1, 1, 'admin', '817ed58ebeb367d507f239a12c90610d5d5b3f3c', 1, 'test@tcstire.com', 'Administrative', 'User', NULL, NULL, '', '2012-08-01 21:02:00', '2012-08-01 21:03:06', '2012-08-01 21:03:06', '', 1, 1, 1, 1, 0, NULL, NULL, 1);

--
-- Dumping data for table `user_groups`
--

INSERT INTO `user_groups` (`id`, `name`, `description`, `modified`, `created`) VALUES
(1, 'Root', NULL, '0000-00-00 00:00:00', '0000-00-00 00:00:00'),
(2, 'Manager', NULL, '0000-00-00 00:00:00', '0000-00-00 00:00:00'),
(3, 'Floor', NULL, '0000-00-00 00:00:00', '0000-00-00 00:00:00'),
(4, 'Sales', NULL, '0000-00-00 00:00:00', '0000-00-00 00:00:00');

/*!40101 SET CHARACTER_SET_CLIENT=@OLD_CHARACTER_SET_CLIENT */;
/*!40101 SET CHARACTER_SET_RESULTS=@OLD_CHARACTER_SET_RESULTS */;
/*!40101 SET COLLATION_CONNECTION=@OLD_COLLATION_CONNECTION */;
